53.07909787 58.99465367 218.6236782 129.2828515 -3298985.635
897.4463725 607.6993796 598.7831428 77.02442436 -250717.3951
353.7729196 511.1866633 639.9725033 96.99028145 -1494964.061
15.7392072 731.6123721 199.2462398 139.6441476 -3238273.828
55.2057477 762.8186152 967.0206952 119.9719307 -1992048.381
475.8391146 251.7831897 483.7056236 92.55170076 1192758.732
983.2568251 921.6984803 932.649708 114.3915821 1357421.899
5.725618645 367.9564523 759.6372906 61.92768422 -132851.8349
89.02889698 876.8235427 382.0296876 78.46853318 338816.857
320.7087857 690.7903601 212.9638087 98.13912583 -1342327.069
653.6617389 537.3170201 683.8437642 107.8836762 2357961.737
414.4453775 415.7697923 496.9560509 116.3549631 1049025.431
608.0589737 768.9750675 550.8112667 125.3363584 2556709.247
713.3543675 550.6214508 368.0712581 139.4611413 2018631.496
870.2171621 490.6226998 800.3596401 115.5474422 -1306344.594
75.77345277 976.7349287 569.3683611 103.5202118 -525712.1063
399.0942359 182.3104108 174.0713663 105.9010513 -695613.9916
904.1840566 273.1024032 525.6676858 72.72278011 254489.4543
903.8170912 56.00195382 75.62684066 80.83223102 352829.619
441.6035464 687.165227 299.4473121 80.91803243 -950289.3323
879.712652 359.1415999 646.6235604 111.5562914 -1139461.248
542.5014914 583.6266653 600.5705858 119.5227222 -2214147.243
678.9335374 553.1779855 338.5597617 128.9056758 -2769489.662
132.3225631 274.4014935 77.52940467 91.58807043 761979.7003
642.2712192 834.3340834 317.1539939 126.7994558 -3641671.765
875.6934243 929.1035053 797.7776988 79.02615196 -824860.0429
747.6719499 59.8140486 685.8321149 138.9570696 2905316.762
706.5851063 634.2672371 725.9586443 77.16984362 -1048583.971
825.3041908 528.0684689 245.7570834 134.7999066 -3967189.155
167.6586582 55.2053195 512.1533773 77.80080029 -295389.6071
688.7753218 279.553015 532.4167591 139.8427575 -689126.9022
42.20473557 783.4555918 386.750745 137.3279672 -3838414.551
36.12898482 864.9549401 240.0919662 127.2220168 274689.6723
901.6493856 314.6468664 246.3715624 128.2633594 -4548286.684
523.8131662 612.4886007 713.0284687 118.3580207 -2296325.369
503.9329734 47.12103849 613.6122555 98.61151806 773969.5974
402.3814084 863.9358668 687.994522 128.9083718 -3666636.207
810.938962 544.8984006 885.6553498 112.9574894 -3087830.63
36.29013873 302.6385984 50.25626725 111.710135 138789.8658
860.4617422 790.1193081 553.8896449 106.6622176 -1043819.894
858.5736366 796.2873073 552.3683782 107.7075291 -2421161.039
808.3868492 575.1565001 604.5551817 83.65251107 1294591.016
416.7321043 565.4372391 553.8863608 103.638316 2841633.467
675.677424 368.9331223 110.3668716 155.2938017 -2353425.202
511.0264967 274.5789774 998.3151038 65.11886579 243061.4678
260.9074125 77.09149188 277.7202198 129.5780237 -1848596.883
414.5516865 411.9481964 190.7009872 72.55516515 -765522.7031
386.2535565 504.7291204 72.63453904 97.98970598 1868529.095
818.5922558 115.3377765 321.3813823 119.7697055 3175976.796
460.058063 615.315529 263.0574646 78.86595509 -349659.5798
108.7827901 856.8316546 563.7362084 117.9146397 -1459602.061
929.1888618 209.8113814 27.6214414 82.98528552 708991.0342
604.7600039 392.0231093 64.58225197 104.747089 -1035662.763
90.08353881 73.98247074 684.5245854 78.92072388 1030675.073
932.925374 875.9312462 291.9470958 114.7990318 833760.7238
305.0838314 692.803702 910.004463 79.99212704 -1116230.621
248.066391 154.7576853 39.97776251 104.0090087 -554451.9703
105.3050362 264.6470087 74.76318459 105.1148211 2291173.957
479.3610838 41.31773625 493.6311399 63.55539089 106862.1142
563.956291 501.1349886 11.44211649 76.47673322 438056.2914
624.6588465 154.5966691 665.2785601 84.58105504 -176776.1435
866.9986397 288.3728475 954.3271737 118.1471501 -1011567.658
255.4581819 677.1964492 577.6178054 140.3926619 3637376.743
875.46968 111.0077197 516.4915391 101.2160294 -537780.6988
750.2198968 125.698464 104.9738688 113.3348534 -2110816.673
218.4258132 445.7802551 69.87996691 109.3290903 -811723.217
917.744185 573.2384458 201.3665474 107.1607789 1384591.851
9.227165507 852.3692977 241.8442727 145.5470537 3745235.998
866.1021625 464.5432385 742.3721699 120.7378426 -1203136.778
319.8492069 216.2622568 936.621076 150.55449 2346197.706
9.098574403 774.3864563 591.4357386 74.49828077 611282.6639
476.8403147 652.2626965 279.2980641 59.79532942 163864.7872
782.283777 578.6727376 713.4964943 73.14287031 -314994.7731
384.0423059 180.7519847 984.2144331 130.4866588 -2298620.54
586.9166231 937.3167455 494.4825051 112.4606799 789114.8374
551.8413551 294.7974848 464.9046323 105.5093497 1268053.233
543.70108 591.4050747 609.0743293 119.2897345 1918128.458
612.1923814 928.7846177 457.7174581 111.5733978 -1355947.447
148.4952405 193.2755083 82.83863406 99.41078017 2012417.052
199.8083747 831.5437853 210.0354883 95.69562174 1398149.358
723.7169043 847.7207413 381.2618672 104.2217726 1249991.336
692.6832376 548.9295324 27.2348051 132.7316137 4306068.915
624.9569165 774.991976 344.2801709 111.6557831 3175800.206
265.4826316 300.9478834 353.7301702 75.32818107 775096.4606
736.4484154 71.34243974 663.8020661 134.6865351 1431607.733
20.20057077 77.58546015 552.778118 109.0208446 2055303.01
734.6545677 534.1680445 445.14726 150.9591435 -3684401.678
466.3021978 395.3156599 142.7410098 81.23017539 956860.3319
993.9082693 852.2279795 305.4780829 135.6266429 -2485029.797
300.3761239 621.0315967 591.5888901 142.038766 -6851537.559
417.3829125 226.5909595 131.9123086 105.8639587 2464406.676
759.8368907 317.296161 826.7605566 60.02782577 485849.9967
148.0054789 436.0387728 791.8548515 135.4934514 -2362009.311
401.9482781 864.2776446 687.1535472 128.6935634 -2788348.806
208.856346 882.5572553 227.8576355 77.38900729 291075.6828
380.4373479 321.6757219 51.15429246 107.9325505 962040.1238
951.3791398 5.940075238 804.5399695 121.5745439 -1275298.557
393.9877263 673.2768011 751.0341762 116.1175696 2242966.567
606.5505227 392.8129947 60.86112089 105.0742944 237806.5436
969.9173721 917.5792041 108.3699998 82.88386272 348448.4725
502.205728 271.8245252 609.7881614 65.71916301 -382447.6186
777.8932305 807.0257643 243.6995113 53.68807412 -245400.3127
114.620631 277.9155061 526.9368725 105.9177606 -3207297.514
273.8203564 970.0461086 160.5334832 87.77016117 1070108.584
828.7195332 645.9306784 948.4343085 129.2239115 3695867.577
844.6959414 171.3381143 506.6534373 80.8384635 624353.6199
755.243489 642.4907039 752.1824067 73.43063724 184485.4504
317.6914572 587.3317845 624.5168476 130.4911693 -1363901.237
875.4633458 287.5515247 714.7628052 109.3859496 -1666334.041
147.6624368 844.0280399 79.18492477 79.23232306 -901216.3437
275.603266 100.768358 530.1001184 81.77299547 -583341.3376
256.8679232 489.84549 287.825841 139.5218429 -2638675.577
934.6550724 32.30792624 737.6702167 106.4065695 -1634382.575
254.5204775 486.6128375 293.1486627 141.5327989 -4274491.581
127.4793895 237.85475 520.177413 91.01126636 -772042.471
240.4263439 94.46542814 740.7768108 133.3669965 1664019.349
405.6397148 495.449559 416.3573596 132.2121433 -2728475.757
28.51602125 287.366811 556.7619411 86.32478773 1590386.885
945.9212749 50.52260293 384.9418105 119.4701193 -2615560.485
918.2611803 473.1120571 921.5012217 134.7138811 3282631.891
93.4658128 445.8060907 767.1542204 115.4015429 1563994.454
93.07781275 312.6754904 136.6391749 96.48223769 -1929511.686
839.2484989 750.5575941 364.2329828 106.9777402 1391126.611
875.5140478 465.145766 721.0952008 122.2029583 1812248.568
348.5676543 902.9660025 0.6084195025 58.0517241 -268913.4966
140.9080063 865.6496278 400.2002255 80.22451822 -526582.1176
160.4421538 688.0289398 585.3939348 124.233769 -3760908.167
817.2675838 411.3081458 183.1275146 108.5879942 -1255225.7
873.4935979 361.3641352 650.793524 114.8966392 -772925.2844
104.2055833 947.376923 761.5275945 96.91317433 1090015.45
207.0886141 56.41612379 693.5080221 119.1343578 2534742.895
213.8407879 41.03035051 698.2183531 119.8145238 2671829.52
508.5594478 321.0699918 791.9938002 144.0277842 -5145606.137
461.3799528 351.5761964 782.1410826 146.3093343 -1029635.874
106.9216479 258.9794324 295.3245755 147.2090576 4445871.943
441.2281835 0.08590943676 416.668277 69.96042356 -312443.0834
683.5985016 828.6075248 689.5675659 136.5859788 -1357915.756
362.7934945 759.6418633 97.98167841 98.06730667 2064814.148
150.1159461 675.2691292 784.0129916 121.6870031 -1204755.265
306.4315675 155.659414 583.4819612 103.6019592 -630694.3149
355.6571395 792.6899185 944.8253956 95.51968744 -1916951.09
460.1534355 411.9186059 981.5392805 69.1847474 -366428.8135
384.6056653 183.4238713 999.6101406 121.9782438 669589.3407
370.8079936 721.2793603 404.1971488 149.5574714 -5028479.525
183.2665829 834.1574061 684.8617479 77.27839064 450241.1213
886.2910921 869.2804625 434.2319381 86.5871798 -1733765.831
191.9239798 334.9247485 185.8921719 89.62392433 1164809.136
531.5185764 299.4675579 659.080211 96.68437151 -723442.0562
720.7258633 632.9400685 716.0994161 78.56819274 -1025999.357
203.7713931 672.2106946 251.14172 98.12549429 -590902.4965
875.7024761 691.365443 342.5373062 103.7434358 1719354.803
897.8179992 979.2473175 449.8763482 80.03851858 257918.7982
378.7761372 510.0316691 609.1822856 87.36278661 451086.9787
475.9254803 174.4162202 199.1560351 85.34032485 1196020.536
834.7201007 634.995558 937.8116887 124.7170236 -2038594.273
42.8097828 30.14015758 100.7680273 105.7082251 1703467.623
421.1985212 391.5856225 790.3984407 140.9959753 -2507861.862
633.4732406 937.8723796 878.0656937 132.2024265 -4121821.942
592.3681087 63.33515216 954.6962045 85.99750966 -349000.6702
232.0371462 451.7424751 769.3780703 146.0521934 -1506865.105
971.8039125 318.0344789 851.1965509 99.7223947 -1361934.463
367.5393877 838.8022037 260.8676453 104.591989 2494133.72
432.6190701 699.2047873 697.8308616 142.217275 8147739.928
878.488973 74.70786913 1.050482737 94.92221378 1222864.484
328.6428673 7.562934778 525.2065843 98.64870502 -2627848.201
665.9124712 109.5473086 702.6598381 115.9423022 -551424.6476
875.5161342 379.4322648 208.1742811 107.2156204 595077.2037
987.6952067 236.8613163 365.0833682 126.4846191 -3316821.293
373.6773643 408.7519437 475.1321187 111.2373367 -1244991.605
212.3274893 305.6643124 186.9880306 75.2915368 -549474.6017
373.037925 47.50157357 706.2652556 62.03489046 192950.0026
676.6290171 264.10237 532.0570906 139.45601 -2166857.957
761.2156682 928.3437408 48.68093127 110.5408752 -2500585.585
610.9932783 739.9469215 534.7930565 127.6280796 2090773.395
929.133651 217.578057 21.23030894 85.89052395 -277980.3514
411.3391894 269.2683378 600.7852803 53.18768519 -119392.8137
569.3808142 136.9955702 485.4909739 111.3026309 -2554319.032
917.3460788 304.9695607 290.1690796 139.5913263 3292875.968
497.6529004 777.3531875 555.7631748 123.9028434 -3625087.251
174.5168043 548.3264233 301.4008086 113.1883392 -3386025.51
524.3546211 543.9731416 184.9884767 122.2847018 2236309.601
86.15882496 1.82792588 191.9514887 125.3604546 -4018200.651
448.9845066 140.1300335 339.0129331 102.5982923 -1428100.655
946.6328235 11.98236987 732.16474 109.4459628 -2090417.283
298.8729049 346.8944354 58.12124189 117.013947 -211210.8888
864.9792314 587.9559996 800.5326366 66.79579892 537714.1213
480.6620992 251.0854137 482.6516808 93.58240329 218368.8874
857.9867005 722.0001654 568.5041515 109.1245756 3582309
451.1312721 578.5717192 949.2218256 112.6902716 -410560.8209
238.2304028 939.815933 563.0419354 98.26714117 739189.1852
655.1460394 751.0377489 390.2658526 89.97954517 1045104.277
111.7148652 337.540132 160.3782579 99.88237205 700830.2755
990.1541818 717.2240766 353.2256332 131.5885319 2910733.551
907.8152877 472.4597984 914.825952 131.5971068 -2542297.379
693.582609 506.4539192 910.8817174 107.161117 -480815.0239
825.9313855 386.5609584 914.369831 77.00327287 783255.3612
744.3724981 298.1259795 863.0510675 55.64495415 426124.7613
229.6215929 74.44953451 810.1943123 115.6938624 -1053156.11
277.2522226 503.9524551 248.7317497 115.6830065 598755.6951
241.6409299 489.8747855 305.1571837 137.1303702 -4804257.832
40.27587423 860.2248174 240.6214561 123.6065643 261524.3071
526.576397 659.160697 756.6386624 123.2283876 675929.9688
86.69810712 996.4270077 913.3261717 105.5893825 1760014.885
727.8044997 322.9904907 755.6886307 82.06356513 283784.7235
549.374706 613.5058977 727.4738143 120.1030333 -2376571.332
425.7515001 425.4589587 513.1357849 113.8759269 1011509.529
824.4801442 855.0150826 195.7273755 69.09479409 668722.4866
171.4965248 970.013936 597.1450529 98.8887125 2242842.326
673.9166468 545.5830824 853.6559426 110.5179388 -2486637.867
348.0696331 612.4690656 588.7589248 127.5206419 2322044.564
123.5750361 121.0888805 783.0790136 80.34746211 -594151.7055
715.617346 501.0769816 70.50921995 130.1199989 -2756096.252
308.783396 126.6976336 233.1031686 132.605439 171084.0782
330.7360293 303.2695606 29.55584367 132.8245863 3216592.179
59.18558727 12.32472013 905.7049673 103.4307135 916522.4525
819.5932439 387.6357519 625.4401837 109.5719713 1786896.083
866.4825919 60.696035 60.57906988 104.2760081 -1336755.065
80.93092391 700.1331569 491.8626221 84.84621446 -390427.7467
45.78735483 836.7079647 818.6191817 100.9452581 1497895.744
46.91369511 421.34798 736.6719604 90.03443907 577498.0379
837.6749692 243.7760918 539.8350948 80.25571678 290143.6793
684.4317781 380.9608611 134.359442 157.3012242 -4398282.319
409.4049792 459.3501522 65.32054305 78.18427337 655219.6078
935.8698682 58.2136083 977.5082368 81.35568527 -1043466.979
795.0528036 835.7147397 175.9738302 76.8496103 1060826.095
585.6175999 708.3115429 900.1063378 120.5004827 696542.3614
643.7655068 496.4429298 745.0474996 108.9636942 -1595835.229
269.3421306 774.2706169 284.2402021 133.0705092 3759674.258
884.0476347 338.5867297 785.9521066 74.89028165 614680.0769
26.82648342 28.92222069 802.6733885 101.0129541 1046102.026
532.2081027 431.5755184 943.4487867 79.34978792 113928.1106
717.7791922 544.5430468 450.9368733 144.5571345 2554319.891
43.63140839 836.7603428 816.5752144 101.3043419 2342463.027
329.7153877 979.7677877 586.5316617 90.91669754 1273213.591
997.076664 35.469406 75.54054428 84.49724885 -716077.5892
572.138179 767.9976199 536.5192541 129.6626403 -2265605.723
122.1285808 965.285736 979.5309915 105.2745848 -2075317.665
170.9560678 958.4140656 812.0285783 101.1527463 -1166959.301
77.44054303 109.714295 781.7028699 83.08806954 743755.6836
828.4003474 31.0754228 24.26978597 96.34870084 1959147.15
884.2999255 688.090598 501.155253 90.93553654 -1842934.177
257.1316293 486.3064106 292.7085813 141.9321887 6213395.401
786.368419 559.8340292 721.6367893 71.24496668 -312165.0251
308.7009426 330.8027171 43.36441746 128.0602535 -1579224.216
573.9483199 216.5027028 806.1376448 128.2658174 -709658.8624
552.989087 230.0265053 810.5783777 133.6157107 -2968587.511
158.1419971 257.0113401 316.608549 142.2262616 -2902714.669
745.0910954 123.0987476 107.9305191 112.4964406 1810713.725
977.3893862 240.4605968 901.2046467 125.1574735 1260860.791
228.9777242 71.25282652 712.1672673 127.334282 1699847.486
684.0595321 176.0410732 926.1471504 96.57422621 -1401889.846
839.5619529 751.6253333 358.6810591 106.520782 -1023938.415
236.5473463 893.0608837 996.0508261 75.1841159 -511267.9383
219.7836289 149.8125828 102.3247905 110.2098175 -1373159.41
823.954269 789.7176698 550.5555797 95.06006436 -1228832.132
23.80395939 858.3682326 242.121834 135.7455661 -594557.4828
699.3553134 330.1978898 688.8951875 75.25990027 312353.0712
899.3281596 864.3682154 296.3111766 105.0520054 -1350504.061
299.8715464 286.7237009 90.96668254 96.679195 310347.091
547.8403428 994.6416634 606.9049266 87.91814347 -942620.7771
363.0253019 478.7699458 369.1870537 131.6060727 -3777485.783
725.6983826 390.0076396 749.6339339 110.6435598 -2019760.22
996.5884058 699.8982664 161.1212622 127.4444571 2225561.263
595.2738202 71.55980114 535.836015 83.85480598 -384405.6756
641.4144741 55.59729452 539.4640452 82.45371182 369970.6798
673.2739039 669.7088388 335.7437017 101.0809227 862457.0472
536.7127691 58.14092643 529.7513942 108.0614453 -900655.0883
192.8543133 947.7377435 844.6825296 100.6870353 1448428
303.5201939 298.4366222 875.1053331 145.444144 4459031.992
903.4294851 112.0016542 200.5314995 88.27920646 960608.2673
837.1441533 232.6672056 513.4597264 84.16346909 -1118902.989
480.4274139 303.5591378 984.3147256 76.12171117 -718356.18
172.9903623 189.0993993 286.2061246 141.507222 2238509.029
523.9851242 80.90672951 406.5102126 116.9966629 1225177.24
668.2948839 110.7871407 696.5794314 113.2795712 423575.8649
385.030094 712.3420963 404.4889695 149.5232166 -6931580.344
735.3781507 270.2370115 391.032393 115.2967005 -2897573.409
690.9146198 938.9904396 137.6743043 125.850416 2884548.687
244.9704741 765.1515027 751.0480429 114.333672 -2013186.716
110.8323944 262.6637421 70.53956426 105.4303745 2741606.546
390.2031507 389.2639534 438.7266189 101.6845101 747262.207
412.843064 386.5158774 66.6614737 74.03425222 -273589.1014
519.0960011 972.2960708 242.2969853 140.757668 5064407.562
944.6437045 836.5488081 557.8046328 87.48787708 1176350.29
327.2932918 248.1489413 225.098387 101.5405221 1651534.722
624.8522741 474.6636126 642.4555001 88.72555236 -176619.0415
226.3317143 397.9909447 994.4800107 121.6735343 1431164.885
422.3301448 707.6370658 204.8512973 66.72354007 -543495.569
192.4282561 680.3902288 928.667842 98.29967829 -1822041.38
450.0754478 499.7323537 248.1582414 103.4090916 -1272432.272
294.9866357 836.3657585 355.1379066 134.8889475 1294244.992
89.33342433 81.34032581 107.9788957 113.3036668 1956448.712
371.3989923 130.6263781 442.9507404 111.8050489 694594.7031
904.0551544 353.3411457 226.0391277 122.0816518 -3990896.759
971.2138066 81.1748724 242.6371934 106.8243438 1082525.766
540.3904589 223.7464274 771.5702406 137.8737088 4037803.446
731.0677195 394.4791291 749.5303239 111.7432521 1933408.34
289.9705394 7.279401673 87.04168713 95.15637045 1868471.604
421.350347 603.6408625 442.3725467 131.2438495 5710357.484
830.2342575 551.6977784 571.2507542 72.86435672 -404621.9661
521.7337061 247.1231059 479.1720578 106.9189591 1369746.128
370.0229246 508.4159535 117.4605619 81.82821243 734517.8507
278.6541248 136.8438385 369.1697286 116.3384109 -676515.2101
2.654048821 324.4406868 992.9909793 141.5565525 4188639.113
820.3900869 511.1004052 687.7857795 92.64993814 473556.5945
397.1659339 668.184369 658.4970162 122.9032682 -458594.3566
461.7625457 142.508983 660.1527245 99.055471 1267661.82
847.5994619 837.607874 459.9110767 91.96949362 1653925.94
438.7875184 338.0494748 10.67330633 90.81627898 1113340.477
801.274382 940.878696 437.404252 109.6630809 -1137633.187
73.84069871 982.6833205 924.9497588 103.2859456 -810598.6871
945.1469168 894.8199506 903.9460357 126.8751745 -1687484.344
715.0214514 544.9771017 451.9295581 143.0735618 950647.5363
576.0078545 267.16229 237.6233434 123.6340603 2978014.428
527.9360682 626.7474433 738.6290525 123.7650661 -986809.9169
336.1539606 612.2944984 326.8318679 82.35675082 -906351.5961
832.7574413 892.4836833 271.4708606 67.90446897 307678.1763
386.7361987 571.1729828 945.3341436 118.801828 467470.4733
537.8204437 81.79418463 384.3924229 119.4294008 -2630678.199
972.817952 692.3160376 746.1029074 129.4061191 -4447611.952
535.0374157 30.19854169 548.5504551 105.0475592 -1911863.347
78.75422885 123.2296332 321.4880044 155.6442393 5574680.815
249.1915349 839.3296363 534.4507231 103.3735686 -437648.9347
565.9015828 738.1951197 516.5423152 136.2993995 -4549818.612
136.5980419 996.9914373 129.1180056 115.1917285 -1638179.886
577.4525998 223.5477084 525.070984 113.6869055 -2436274.788
279.5497352 822.9800041 750.2171654 108.4587293 1459658.928
620.5761345 732.0327127 708.6181272 87.09846616 -445569.485
915.764699 648.4951196 743.2556689 90.94384019 250192.8009
281.9616035 442.9849323 276.7952474 127.1353107 2919808.81
420.8748754 70.36522722 170.7918931 81.07695427 445004.4541
377.0852533 399.7215879 811.0370726 136.2645298 344951.0238
721.5196978 185.402016 519.9278363 78.42050208 491065.9471
92.296273 121.0209629 434.0813178 104.9894077 -2317368.832
309.5907798 451.0096374 302.9574964 130.1079941 -691654.1603
296.5752399 785.6318091 231.2166846 112.0805276 1133704.411
313.5967685 363.1352041 509.6943902 106.6099844 1483330.147
835.3958409 731.922044 160.2944352 97.37023481 970392.2156
82.95657678 467.2210587 712.9878503 125.3941469 2607423.861
277.5553668 175.1161349 927.8526636 146.3464377 -1213643.069
437.6987459 274.0456267 538.5191123 69.47621579 -647958.6836
744.45362 692.5177622 420.6408646 94.4178715 -1548148.913
734.8969762 128.9465157 380.6415388 116.6885425 -2349749.413
413.2899848 739.167563 406.2925506 150.0305204 1823184.395
327.5316637 28.06367078 774.2357981 85.38304942 280014.9028
945.1351335 705.1604304 365.5139375 120.4152164 -2518749.347
691.2158377 38.27725365 227.3589149 105.4836871 -994178.69
423.5104958 708.1704046 855.2565596 57.60351266 -439653.2539
925.3452362 724.1394735 377.51134 116.8152258 -1917005.83
209.8834173 272.2776649 102.7808645 75.22200319 -990472.7225
430.3799509 621.8575269 196.927443 84.85255795 -1134964.95
243.4524022 86.41923901 719.4404616 133.2897754 5615346.106
523.2231306 918.7291039 212.5863216 156.5644584 -10185274.98
150.7219829 936.5479258 947.2276769 99.26990132 -2284355.723
660.1605376 642.5908739 299.9908143 122.4136572 1747382.298
366.921021 500.3941047 112.4455486 83.04515714 -812687.6783
605.4797436 266.5533326 873.9090711 110.2227565 2438605.08
446.7511624 479.2773054 874.6100824 120.4205148 -2677255.78
438.0555861 328.8618264 101.0482416 94.14475767 617721.6728
401.0923849 589.419564 469.5079292 125.3047068 -3802238.678
895.9639292 64.20922656 343.460577 119.7581781 -2279088.187
525.4298786 494.283101 57.94504475 66.39831725 -66888.50563
782.7117749 47.68274754 39.42346521 75.86793433 659985.4093
997.6788995 145.9319906 92.662161 75.48752249 -344157.7978
443.1613674 172.5197503 726.0201252 106.5570784 -3151347.387
505.0208475 463.9845907 226.9276346 104.4926356 -1874223.145
169.3119407 449.0502404 758.9415208 142.5538383 -4164266.609
717.2036678 16.45332039 203.6700785 116.1956027 -3325271.068
750.2493824 626.3963129 74.16460892 144.6032063 -7180617.718
169.4573346 936.0206877 479.3601639 46.78015042 170734.6903
951.9623659 224.999561 610.4790286 83.17026339 -425702.4557
854.7158552 92.4785143 346.1859214 116.208842 -2735692.669
433.3260931 836.5457834 687.1812148 136.3740688 -6451473.514
443.8577613 373.0792747 744.3178713 130.4296816 -903356.0906
528.5729437 303.6567541 660.5587455 97.3270847 648104.6316
293.1434151 889.144716 834.5793328 101.3198969 1151135.881
160.1476812 178.1379763 309.6795534 153.4577225 5616650.221
278.435293 91.55342213 845.1976646 136.9669461 4594726.137
374.3968295 915.7368025 229.2767172 91.9736775 908905.2999
681.1192511 26.46795542 931.2049578 78.87238774 -431034.7588
445.2780918 163.2178208 741.6146572 99.41316571 -349546.5162
424.1031475 423.2437116 476.7753215 125.1826283 5028929.517
555.4583833 588.3945363 597.4011834 124.7721722 2526510.391
332.5952192 552.742231 184.1056295 91.55594402 -1665852.314
430.9808748 526.898092 890.3748776 116.204237 2454341.739
386.9509479 10.36885153 431.4670522 75.61869172 -589807.5088
674.6496721 330.4565229 284.9426909 126.8226084 4624151.328
501.9516698 19.9085347 183.3324453 114.2739339 2765859.458
36.66694388 234.9939206 248.6696942 106.0862315 -881165.4106
593.9007256 286.220445 321.5332247 116.115058 1743722.017
901.078118 238.3270491 934.13791 109.6001381 -1130605.328
542.9165817 43.84096178 535.9902089 106.1809477 -990104.9196
969.7355831 598.6926671 99.78004819 107.4486579 2898110.529
833.0934336 44.23292182 949.7330659 96.559149 1217731.762
983.3490098 256.8448592 918.1098191 134.8148314 -2416209.74
868.04871 958.9291762 272.2410446 76.42922583 398832.1035
430.0939395 382.7326532 570.479026 82.25976148 -391636.2072
221.5286362 142.7447679 101.0805382 108.3720766 1715024.246
597.5402066 43.56923513 267.4218223 111.191946 2003717.237
371.0097131 620.3939067 999.7177531 135.8057175 491824.4339
846.7591424 991.3138536 51.62910958 88.62784048 -893156.9749
784.0729328 560.4217435 709.6397387 76.2985295 862702.0228
367.2198615 198.1222786 972.2833398 138.9732029 -4222667.5
242.0996296 366.3029026 463.1358583 79.56102173 -327168.9905
650.7873458 937.9218429 884.7476571 126.8179158 -577130.9472
833.7673076 651.5125055 650.2247089 109.8454959 697076.9949
924.4859888 307.0058851 669.3401409 93.99922617 -1447714.589
457.7277396 730.7100953 431.6819572 142.3164512 4275590.246
373.0179438 190.4266675 978.2124947 135.4527753 1477486.343
153.4369252 244.724015 306.4464225 146.8640502 -3681563.173
210.464846 467.5738132 761.0695099 158.7176597 -10493862.67
374.5248029 684.3637541 802.1967094 89.17818516 -233885.678
825.125035 297.4746348 851.5864913 57.6536176 317840.6793
544.6691215 230.7168599 790.5354199 137.5953582 2278073.053
937.6036748 480.9125041 329.2107615 133.1503511 -5419455.391
242.0226259 846.7284461 533.5152476 104.1338031 -842435.708
869.1291963 688.0139651 746.4778186 70.93764797 -64923.28996
132.2858395 590.786653 391.7690604 84.89236094 671221.8868
205.2364883 437.83699 830.4258864 138.3775619 2638947.953
788.5858042 785.9137028 401.6892497 85.69830786 1020370.101
419.6077926 759.1248414 894.4777609 58.61602067 227897.116
385.7964631 899.7298474 219.3111035 102.5151788 -2859375.687
639.2847155 445.9263895 726.7115314 110.6253237 3033611.748
829.4699413 765.2181969 339.0556496 97.20619656 1497730.588
185.2083249 454.6441188 80.07871653 103.5370825 -581912.5675
748.1123118 574.111274 426.9226715 137.1907929 -1284389.178
416.4295004 741.698697 405.8744047 150.0871588 -5375424.403
526.8300408 563.8720948 411.8967221 109.9502133 3105347.404
816.3714322 981.9356186 26.07508717 95.85615296 -1959267.331
15.34260216 118.7736126 103.6772853 85.17668341 554562.941
798.6972511 913.6447947 330.3135555 76.35816836 -894465.3402
696.7085296 531.7563305 905.0683357 122.1214272 -3917224.407
91.05975525 200.0588302 663.6527645 68.58697374 545880.2768
979.1257528 673.288017 944.0333587 124.9596093 3589972.297
239.3308307 800.7332172 239.6061711 106.4469673 -943491.0536
913.0401322 560.831091 258.6492684 114.0883426 -3104171.598
209.8530642 261.85466 645.496114 79.9603604 768649.0563
861.0194072 265.9309016 948.5656065 114.5587104 1633528.592
395.0800749 161.9670948 304.1764684 124.0630969 3124383.25
803.6403278 530.6605219 681.0091874 90.17015914 -1839862.592
440.2624777 133.5644362 702.6647663 88.94846794 -208751.0397
545.7651332 483.2851187 773.6938626 89.49003751 489721.8929
462.5920296 587.2084611 237.2010023 97.99975486 537502.9864
47.73081021 9.333739301 192.4199205 125.9481358 -2270152.406
94.42131418 951.3759348 755.7009263 96.739678 -1025373.133
710.8445761 48.5410036 169.4904523 100.2419251 -994566.1035
270.9182462 297.8813527 85.48895979 95.21100396 -828982.2312
387.805495 852.7237882 72.1180728 99.2104146 -764365.8664
332.6363049 539.5839193 633.5239999 110.2373592 762072.6797
346.3440543 383.3461057 219.7923011 94.51474736 -543806.559
379.3761991 398.4830926 811.9705061 137.7919422 4297427.898
216.53718 204.8606712 675.1309758 110.6945289 -1179720.921
744.8233575 400.9926757 479.5716768 134.5101343 -2284906.844
674.615899 84.88804706 735.4496699 138.1884032 -3996110.835
383.5654609 179.1184097 14.00886294 109.8736205 -106178.3193
327.5400509 511.3975534 990.7584338 116.3497674 -2262478.557
29.14225583 493.9177074 228.5087092 102.424218 -1551776.506
876.7122115 35.06531089 659.3044122 108.1216361 1897762.936
635.0471523 442.0224684 670.9620766 93.7570632 834879.6717
154.1928664 211.8354833 303.4116616 149.3878901 3638186.12
236.2020738 938.7267236 560.9418194 99.05468614 2297377.193
579.5841103 212.323772 802.4149262 127.7679988 870334.1162
65.31949277 725.5817493 482.5499998 95.78946613 -1439027.948
746.1081265 515.4713529 400.1477925 146.9156359 -3530040.237
817.9245475 754.2540501 312.2235922 90.98013962 -732348.9578
533.3635556 73.97749125 353.305709 113.8233386 -2100445.302
792.778417 906.1559495 198.4607535 67.90917912 -522203.999
289.3376329 66.41597448 260.6861943 120.7181683 2122565.586
271.7795339 66.949836 271.3891228 124.2833266 -1390549.927
317.7138197 849.0689103 919.6082478 97.29891755 -1458638.722
283.3817744 38.18310588 244.4068675 102.8402877 -598802.0052
464.5876784 401.9586274 990.962434 72.75977309 541698.8774
728.6863833 99.85243776 785.2969439 136.9142218 5008926.271
849.5047755 801.2544533 550.4358316 105.8357758 2508464.062
908.2639286 717.290172 676.1472922 121.642975 1981551.201
152.8561327 991.3022238 446.8363953 56.12284865 249316.7746
612.5042697 320.869089 158.3928753 139.2918697 2130729.633
860.2247638 156.644399 90.96816902 84.19083119 393393.8234
427.6049181 503.7594465 572.3593023 96.29457785 -2368810.904
98.65725012 46.99673687 538.155883 106.6469537 1959331.914
665.8742388 36.36108184 542.3913547 93.51290443 -1059570.453
580.6870172 469.6160538 330.5456252 75.23993239 -773569.7972
385.1061179 502.8790585 72.51843982 97.99453226 1904840.368
887.3938213 351.0991908 651.8335239 106.5932148 -353033.653
4.37466666 168.7934873 615.3103087 79.70911919 -774876.7329
545.2695618 233.4209355 804.8186177 136.532114 -5189900.434
774.5116481 88.8490453 368.6455589 118.4570991 -1448565.841
634.897577 4.929217808 81.46614346 84.93403781 -457628.0633
635.0691345 506.7463905 756.5029114 108.8727228 -3326155.567
660.6584556 596.0182102 822.1196516 95.61640477 1909695.421
672.0759556 261.8771589 527.5506546 139.7231156 -2560633.895
938.9048576 682.5317355 346.1364415 117.2987952 2089913.732
996.044483 689.491819 322.1408615 132.4350396 2220426.882
231.534185 361.3055033 440.4749564 74.34923527 -586512.9973
387.1437809 158.1556042 291.9721685 124.7331694 -346467.8109
93.68034736 791.6145659 595.507479 110.8210829 1779355.562
881.47385 760.4322887 379.8735936 110.6558339 2744017.156
826.87702 663.3730184 642.4393652 112.009339 1454258.416
140.8402263 488.2349839 100.4828975 114.9407052 1478116.726
407.492691 692.9588835 712.9449848 131.3901961 3452290.238
182.9999674 216.2044827 738.4450591 102.7461799 750936.5469
920.8454654 473.6954502 921.2917736 134.3020516 1975204.708
745.147662 701.3805376 623.3190575 98.49640041 -2115078.406
898.1805882 802.9810783 706.8760632 118.0871509 4261557.317
379.9347982 603.3598624 990.4515421 139.9631973 -3863987.131
942.1855449 272.2388511 257.7666829 112.0846833 1072854.099
614.3883149 859.241809 569.1801233 134.2265043 -3073854.115
587.582484 746.5248641 985.658596 138.2658587 -6720477.502
161.5934275 724.657857 728.0617491 136.2739442 1282410.905
562.6213461 742.8473408 518.036614 136.218011 -3783698.602
199.0510542 666.448991 235.1148042 91.32017707 -321037.0399
958.4729019 219.3525415 154.6130275 60.84217344 -273654.4138
853.0240104 443.133337 703.3717449 126.7481641 -3036334.925
386.3560802 494.9732201 379.6152939 130.5072292 -2759089.09
436.6155564 948.4452166 534.203389 66.68389646 732746.4084
410.6970427 682.6102488 217.5806817 69.98786235 987430.7329
283.8205965 515.9867325 185.786823 98.36534744 -975325.3411
804.3342458 153.9644818 310.1362888 118.9396666 -3345142.857
338.2283382 290.9561029 7.871695652 137.665935 4901463.323
277.5332983 125.4745781 369.0479768 109.505591 -86097.53461
811.5900849 542.1307025 881.8505145 112.3300205 1238902.509
89.27121992 768.0432012 377.5009826 117.6089539 -1390856.397
919.8886595 275.406299 503.7331518 82.90895834 1182753.919
998.8623972 232.452365 436.9566538 91.95261802 1431784.085
14.41396699 135.3679206 143.0812629 88.5313955 -706166.9559
531.0944954 37.26945655 73.88584971 116.5380787 1705781.549
624.9221672 396.5198804 38.30343318 113.7702106 1749389.098
115.3634069 876.7836519 576.0483845 120.998098 2540425.114
966.5758562 231.1408693 579.0764603 73.15579099 365740.59
38.85316563 297.9992263 43.69070814 114.2751342 -1343605.743
83.21090763 118.8941965 329.2921137 152.6227814 3287679.837
453.2582084 326.4898301 997.5983783 83.5992525 377739.0922
38.77881312 529.0518368 339.6103192 128.8575497 5472095.104
536.3495209 369.4314874 11.93288111 71.88132961 48904.77135
797.0887198 720.7156842 555.6062646 91.81184088 589765.9323
457.5206064 812.2115805 726.2228455 120.5693029 1469908.414
558.8872624 42.99021365 59.69960766 111.6916897 -617926.6411
145.0839115 180.6367868 95.63708784 99.32506936 -1595571.469
774.3041468 49.81720999 377.9783459 101.819371 967105.6751
917.8057685 468.1852283 924.3695326 134.8382186 -2809845.323
730.6589949 844.9865021 181.1308762 82.44391646 1141874.064
802.1857618 999.9849858 384.457044 88.25977124 -948815.3796
434.3286069 829.1093182 629.3739035 135.3550242 -5157694.79
549.8792435 74.80538321 992.4698807 113.9298256 2659507.409
709.1696779 409.7654692 123.9324363 153.6979144 -7584377.769
590.830579 216.8732599 59.81009284 97.0719698 -1796122.064
271.9052641 761.0093002 531.9699583 117.6279827 3054858.723
525.0065451 34.69159687 630.1548091 89.84851411 368610.689
393.7310595 162.6134276 304.1666836 124.2588172 4385349.301
270.633835 793.9783118 348.4981152 153.8375795 1680644.612
92.29952206 185.7384878 666.2877577 60.18152008 -117135.1243
700.0698862 10.41249487 2.338479901 50.90328342 236126.7479
485.9612253 916.3268656 835.1846546 146.4514524 -588369.0123
615.122597 544.2114792 488.4980579 118.631229 3836422.99
344.1241164 219.85716 219.1763036 114.624767 -1949938.741
211.1317937 467.5958146 763.8700932 158.5361833 8049436.365
688.21026 367.6106358 29.68089468 143.8601969 4641514.37
683.8054615 838.6866425 689.8491677 140.4468324 3293823.114
328.7509609 160.4987191 407.2317381 120.763082 3613511.831
648.9513191 205.4478416 829.7381851 118.621636 892436.9399
370.5007213 381.2362891 225.3121099 95.31473683 730670.818
816.0460086 593.1409108 185.9369487 123.155723 3697303.804
55.2238459 274.9600688 52.40122634 100.323538 -63069.25271
531.5996064 401.9749886 527.1689986 89.75915135 1963830.291
863.2010847 726.5862622 368.9220224 110.4931407 -2801475.772
908.2099896 104.148248 379.3673553 113.5291472 3173915.433
822.3175558 649.1022612 6.376780925 123.4489512 -2253789.398
160.5973287 9.847132739 27.79891573 106.0822262 -2192887.047
105.4873104 997.8289281 415.8569289 77.98783676 -850167.1095
966.3667357 509.89158 319.7312146 133.6845899 -5256640.604
54.00145032 836.3128685 662.7249906 67.96289756 414707.8662
468.7359407 28.99500077 92.64925004 99.43508993 897348.8902
648.2040994 200.1537051 823.7874103 121.6947457 -1262270.046
457.6108905 628.956292 167.5720328 84.41595352 555728.7437
730.6577964 373.4826476 504.0410642 130.9538252 441671.3805
905.0054314 721.5582269 671.3314968 121.6209472 -2597116.365
139.46911 353.968602 256.9076274 125.7409482 844737.9308
829.2430739 939.7014142 622.534212 129.13759 -4144740.68
237.811403 151.1139576 619.5792289 109.5273165 1872178.221
522.617451 100.4191066 411.6808951 124.0093755 5501053.711
491.9968548 86.31712649 596.4856802 100.4143933 -1075221.839
651.090941 169.9832157 791.5989665 132.077099 978454.5502
567.4851285 128.9382476 502.7617639 110.4600993 -1723554.164
507.8615524 38.25898844 666.2267327 84.33681936 833722.2104
206.4983643 362.3104821 687.0776244 104.7039247 2301665.809
678.8831807 803.5360031 270.6532737 107.8436883 1973036.873
272.06944 794.5070956 351.2476789 155.4047265 -7266385.531
885.8593104 475.0649453 719.4884964 115.3783537 -537525.1689
111.0536484 974.2243434 363.2749488 71.39183199 -190009.2411
351.2406006 245.4782663 608.578859 67.06509531 175512.9327
645.1315196 153.7556078 685.3873677 102.5301841 -1904881.921
322.8521985 168.6919028 224.8149385 123.9922225 -639929.997
760.1050705 968.211192 689.9174982 100.2906684 999926.7265
916.1217773 861.4552338 310.7563279 108.2533384 1201952.227
699.4630973 929.5408097 125.658555 123.8751779 2101059.916
430.9030957 695.3249876 686.3745295 140.3949444 -5743972.354
489.4577125 655.0502654 987.3345714 135.6987831 2213689.698
731.0946314 931.7021722 20.79797924 101.2207002 -1037835.162
528.5453184 76.26660218 509.765132 108.3815424 -1305661.443
291.6854995 481.2496828 991.3843539 121.5645917 -2769175.307
311.5997289 1.94096803 523.7665439 94.06490644 -1014655.868
167.8589437 951.8068637 787.5853817 99.92951264 1482423.248
62.66362637 20.18827905 189.3793386 131.7325011 6621843.948
934.4440633 173.5588839 26.20072294 76.4275826 815141.5974
308.9765254 130.1063098 239.9413265 138.8768113 3549537.2
186.0442212 909.2959721 145.3917305 100.8963614 2505907.001
979.4541544 447.9665743 852.106649 68.84808366 -142597.0511
111.8409218 679.00548 851.1821216 106.924485 1600740.063
896.2902534 150.704941 569.4415754 60.25600576 96605.87045
229.963227 151.699433 123.4792749 102.1476854 223376.8081
474.2392469 250.6490714 484.1469364 91.79682347 -506527.6746
813.424062 819.6906144 444.2011327 81.99276721 610092.345
335.3524826 83.4836852 659.6314878 95.83556885 -1613814.111
667.9868623 92.74444073 755.9191569 142.2588556 7828510.224
210.7790032 640.8270313 791.9717643 97.63043933 973533.6247
416.2282449 223.2730932 140.2321911 106.4012017 2187155.271
285.7508044 79.91250085 101.2839912 78.26166603 830563.9056
553.7017145 71.48161904 987.1481431 110.0077343 -331676.0839
153.3810609 681.2352313 758.8486553 133.5544387 2426338.705
720.6468246 851.8505216 375.3135182 106.6737901 2443110.49
627.9376137 52.34899415 776.028828 128.7841882 -1422850.188
199.3855789 936.3166734 283.3578467 75.99588797 -668789.0129
213.0426468 309.3488302 156.9904821 73.7277188 578842.393
907.3690667 565.9603026 102.8538768 100.463245 1696371.53
56.2844524 526.8721517 656.3358317 147.3656924 -2334819.424
130.2415955 283.2345116 300.8257744 147.8943618 -1657091.595
984.9050378 346.8982632 819.5018707 69.99071935 -130783.3832
143.8401077 945.3469447 737.2427458 97.00900848 277291.9188
271.8194554 155.4415949 603.3501729 105.297716 -769081.5073
276.4934605 89.35937919 842.3952165 136.4089853 -3889979.792
124.2363026 688.4110677 691.8401652 155.2186669 6504246.96
206.3112672 675.8216806 252.2432966 97.84302888 -430904.1502
61.55746275 566.94807 341.5963077 121.9849456 -3578856.127
153.9721614 678.4628969 560.2275627 115.4725239 870773.4411
390.8568279 834.842079 887.8367249 82.19929819 -48234.23555
853.4368925 232.6292672 726.5314491 119.4212367 2444589.12
104.2187112 53.74560071 516.3549764 101.6255386 -1709466.162
624.6349489 739.3062679 290.8657074 122.9440599 2307402.707
911.5123635 304.4514711 963.1424222 131.9246609 -235767.4244
82.92611944 134.9764099 990.0297671 79.65396424 -337630.6599
513.4446297 639.5696793 745.9916465 127.4693005 -1430763.466
538.0637521 614.4230068 728.2817234 122.0298443 2859019.978
98.82042619 68.76513623 705.8008372 80.74416498 1507772.339
307.1390344 365.0149448 510.0904928 106.0036432 575739.5198
148.6956305 894.786141 314.2317135 37.74464002 -101660.4943
291.3967111 755.2278262 758.601092 101.3947197 457522.3259
624.6932278 740.0764631 704.3127152 89.99055842 -604000.7487
542.3943171 71.62727724 19.26547458 120.0691999 3261331.614
349.2394475 621.3109221 189.8538185 86.52970375 1556417.256
536.7249175 40.58577634 542.4585806 106.0440029 644673.3774
834.6579559 717.1172934 176.3009694 97.74238202 1249896.348
272.9324157 942.5125664 993.3295614 80.86865455 333562.9297
578.3721848 456.0686665 780.0184441 107.2030665 -1091284.488
804.5907109 674.5257897 642.2886835 104.9832669 -564350.3708
501.0720544 365.7857216 990.7274797 81.76433075 218115.5096
563.7955394 957.3042449 786.2833158 157.0698343 3204663.725
249.5861754 839.2346687 534.6914916 103.1592051 358069.515
623.7768878 254.0327843 208.1152144 128.7447785 -2315987.507
918.2827984 487.6941995 857.2221534 100.0538293 -460204.323
556.9454468 10.88600428 539.7120553 103.6834337 -1199171.369
579.0435369 80.80973074 316.0138428 109.1489191 2580035.173
331.3532948 943.7377862 189.358591 80.42471815 -343631.9877
872.9122028 236.4232283 144.3505572 88.2666507 1024514.75
394.9166769 604.6751549 362.7537035 102.8863085 1400965.896
68.07888095 433.4901139 800.7427425 93.05508485 -308508.1421
367.5676352 133.3388203 445.5557399 112.931762 1305701.033
651.4508911 244.6688528 989.628116 117.1313994 -4420619.264
24.66674493 488.6472215 258.7790752 110.7327728 -2974388.318
256.3327813 959.6154875 597.5359841 92.50112178 1051571.327
365.5608185 490.7943728 55.98164495 96.28134119 1164721.416
341.6288246 7.32153438 51.2518664 77.75052776 -794139.9845
855.0182705 101.8202986 947.7822463 89.0951332 -670946.4763
804.0302388 935.1956983 319.6980817 67.78234225 -467148.5155
747.7019194 364.4076944 953.3742777 90.65763368 -946265.8255
774.906191 88.63249064 367.3144563 119.0470478 3433429.163
143.0441181 949.1657798 743.7074337 99.61325417 1088144.351
903.5599125 517.7622048 479.2407348 130.8470985 1731509.304
276.2201273 154.469973 588.1971525 104.18945 465311.9654
771.3062148 205.8555875 168.2206796 115.1566833 1489915.195
223.1922975 458.4298803 381.578021 92.65331762 193722.2107
73.88739693 44.77554101 124.6667754 124.5704731 -5145566.381
249.7258214 682.0533555 556.2507549 141.868992 5680029.695
105.8636478 584.8537637 342.5311009 106.994025 -2022285.677
897.2948011 63.12797233 340.9494114 119.2006838 -1516775.859
218.7348187 756.3256237 923.6631511 89.76830362 946199.5896
308.8271719 154.7034177 513.6332759 111.482418 -477249.0106
470.0327396 14.95973766 127.2357788 104.5649865 -1957702.517
769.6008947 873.1037622 607.6684112 105.0205874 -1591115.967
810.0770835 897.1181593 610.5016972 122.1759319 -3180646.92
372.4514728 322.276826 273.319911 116.2670918 -1859281.249
354.7638139 259.6609955 396.5832881 94.29185995 1422612.519
103.9361637 39.1707979 920.3317534 89.1187405 -1362433.621
264.8699665 167.1437166 934.3225394 140.8335568 -3584432.341
948.556738 352.6197685 522.4797069 75.63181875 -1139794.767
952.2459841 267.4469447 186.1682452 90.48390745 797745.9187
308.8037569 204.2661696 478.6682399 116.6584326 -1328924.473
461.1084893 987.2276974 818.1296906 131.3650585 -2287454.776
907.4190563 147.9666421 56.74004679 70.76805625 607399.4837
427.4046333 750.307358 415.4595053 145.8910654 -3837576.194
969.6875989 316.8982427 841.1079305 96.40572547 -694166.5663
289.8762877 783.6848163 557.4845836 108.0174598 1744034.977
461.9254613 142.1395483 657.7992561 99.09311177 1871311.93
517.5919277 289.4068492 760.8059385 140.0347121 -4729017.76
667.7129856 698.5988994 164.3879934 125.5358445 -1781357.563
714.3714739 50.19441615 690.1464942 126.6652722 756723.3778
81.0234176 131.1976676 991.1664078 80.09326102 -1345159.253
48.54595308 136.7411846 813.3529468 105.4869201 -2017273.383
52.85876252 910.4305441 21.7221164 78.72649841 556978.7695
719.0682423 876.5407266 382.9706659 110.4586953 2291151.918
999.4546094 848.6908438 313.2589833 135.9208043 1166921.391
455.9831063 334.3950853 126.4841318 98.95823584 -1746459.73
447.3153265 354.0093993 692.8290935 105.1805119 146952.7077
9.387665671 758.4514484 357.7741005 141.2551303 2339046.656
305.9086268 358.4497518 591.9859603 98.47865266 1366422.973
229.5568194 191.9188563 669.8889712 114.4001361 -2165960.13
927.7000467 277.1881576 194.0987695 104.5288171 1494560.59
863.001332 796.7904253 556.0114255 107.2153097 -1302297.716
569.0833639 840.3127303 386.2311242 95.76145781 1241293.42
702.5929238 675.4692474 117.2869102 125.6033834 -538257.572
781.1143834 657.6531851 217.5120674 117.1139987 3926217.446
34.49865615 711.3206943 306.3367531 135.2550814 1648765.917
868.5337665 367.2828784 651.8394201 117.2778762 -868806.919
425.2316101 447.7207058 279.202205 107.3701914 2212799.55
795.0368279 379.1133223 828.9194305 69.97914881 543272.6445
368.5735801 396.1925586 282.5807719 118.5541524 -2608711.606
195.532666 164.1835251 371.8649296 138.4943127 4118979.436
270.278942 969.2026621 160.5072538 87.08934652 493667.3359
307.7062035 809.5309924 346.6720568 143.6518951 4553094.166
703.3371456 531.7533454 966.7090186 120.4000024 2402400.356
706.8611898 924.571756 181.2745483 115.968602 487357.1543
499.2847376 505.3944723 83.98528482 87.99702971 207876.1552
140.8773728 945.2957005 775.5161624 97.16871731 -682890.984
436.5003553 501.3067989 702.7677458 71.16263599 -309500.3483
730.8738137 541.6715719 384.0257569 145.644763 -4300308.64
935.0720459 231.2182305 386.5748561 122.0162557 -4205010.054
708.2114338 842.3436602 719.4528834 136.6660884 -2122415.348
361.968061 287.1647892 740.401358 112.6721372 -1922557.131
843.2584791 424.275398 771.4760676 112.2777486 586684.6069
593.2182821 554.3417643 342.7507869 107.3829809 -2331115.577
236.7336275 507.7035409 145.8713402 94.97829862 1687139.431
734.7142547 541.0746452 542.5880147 99.03083123 801078.7237
830.6156989 794.4587383 56.50741671 100.1240773 686091.8919
916.7735692 419.4646587 921.9205952 117.8999441 -1247390.607
84.64136506 482.0390738 119.2287322 116.9851603 -3399942.986
21.27848815 740.9175319 551.3848185 63.91740872 273958.86
958.1540789 605.6160485 535.5104923 113.1158752 1944656.352
65.85118372 572.8090021 508.8405225 123.3817665 3011993.647
592.0510343 60.76720218 69.41954835 93.93623747 866916.9301
887.1334889 869.0445906 295.5250736 98.18280796 -413990.2023
77.61397508 110.2907061 707.0918999 60.47385132 -249422.5491
899.1060968 63.6855561 344.4910722 120.0968937 -2229811.399
272.8282846 472.1156843 286.4788147 137.6549812 -3740160.861
32.42718454 863.9160253 240.5376646 129.8031224 376412.431
924.2442847 908.7462341 20.33086565 87.75637537 -983674.6299
404.9200418 392.0573485 542.023608 99.37378937 -1357237.902
698.6482653 159.9068187 918.1443956 87.32535594 -749039.2788
515.6361539 307.9453403 263.202606 90.16000587 -997999.0621
940.7048879 52.60605286 948.07748 85.61988065 972796.6017
984.8599649 234.0448799 874.4594097 122.7247478 2322491.968
344.479567 205.9555855 218.7686779 118.5183545 -1615173.269
462.8596613 693.1142651 809.2679275 80.33233203 93344.3422
368.1183992 131.6411588 447.1625801 112.1248542 858845.7042
828.5743603 645.4872287 948.4558935 129.0924733 -1988360.157
205.0430329 353.2493841 663.7554574 96.90253974 1633724.186
555.8876783 172.0584731 566.2784766 97.91832145 -908606.743
254.4311392 173.8389135 933.6753729 133.2924509 -701790.3314
223.6014307 431.903525 907.9817219 123.5756263 1945286.03
502.9005305 630.5516394 722.971746 121.1877847 1223741.821
372.466633 759.3590156 740.4351282 97.78511569 -617548.6712
727.3055088 497.3738035 597.5859453 72.15631818 -368593.389
87.81746736 591.3147059 887.5088588 92.71445604 1209826.823
836.1273163 418.8542187 707.485782 127.0140503 -2477560.574
523.8447708 674.2534292 762.7949038 125.369765 3266784.713
697.9921697 380.5468075 2.232279585 126.9515962 1729494.838
767.1111934 199.7335885 221.8489145 106.0138796 1274657.025
962.2585591 284.915285 787.9766474 96.39965668 -373677.5542
212.1292367 929.2771006 502.5449948 64.78897104 224756.9798
103.4349168 192.0220344 887.97947 83.60856781 761906.2377
865.6296205 555.4151763 62.94225668 85.74551799 853521.4261
277.7944228 179.9670936 426.248048 122.2123891 -79815.52861
694.8750993 369.2149756 76.93749582 157.4557616 3362349.243
736.2938048 366.7074792 517.8281959 128.6256611 809921.2445
868.4730301 67.22532164 937.7307897 99.62261869 555755.2691
577.745489 218.3499731 64.19607943 93.72917472 -1057298.107
629.5968135 227.4534341 5.468812216 107.0000735 -1650099.164
519.2736659 285.1985714 760.7371481 139.3054796 1183371.639
722.4619005 124.6655034 410.6824746 105.6588429 1418737.463
740.2972815 121.7541693 390.4481473 112.1617781 1125956.468
495.6184892 508.5457942 93.95591021 92.62323359 717327.9632
841.4450032 163.6720763 129.4759686 100.7280125 -861746.9436
406.8441733 461.2975616 294.9468085 111.87984 2110441.454
110.4710237 874.3168386 569.9536412 118.4685126 -843281.5496
107.561969 906.517577 590.6136589 119.2029894 -4502373.335
356.8739528 593.0081118 802.6208706 99.87752956 1151018.957
114.281581 868.5154157 596.8306734 112.806144 1489538.291
98.7426248 809.8587033 621.7248233 103.6156711 1499579.578
889.2750127 854.1731222 627.7775399 115.793349 2879676.206
358.5317155 727.4513507 746.3855734 104.7801779 -1586785.196
9.019899599 841.4896134 834.7636385 101.0872156 -1188409.708
795.4095408 940.2327344 440.3656423 112.4732828 -2411280.945
60.25797358 288.0253644 966.9619171 129.1466186 -3925475.719
939.3193024 6.507283881 457.134263 99.50968804 1167914.531
835.0651057 148.607511 934.0728724 80.0473376 1314071.955
784.3044672 596.1862729 712.1822143 72.41006887 402336.2767
461.1468573 345.1007767 124.5407423 97.42082226 -1691885.271
393.0752078 495.8120482 670.2527167 75.85147285 224112.9721
558.4748766 622.7603347 360.7112576 74.22682597 -310535.6502
232.3984195 642.2747639 128.3316712 89.43681771 341573.5646
10.7394339 537.8997477 752.9762518 90.5838747 -568400.3924
300.3692462 149.8684872 555.9553357 109.999791 -639300.3199
437.925784 500.2517213 577.2373788 93.30730685 -682120.8141
588.5592859 222.6627191 71.42144486 95.48737263 -1348063.909
927.0228748 266.9913427 956.4952745 129.9117427 -1187794.734
23.37655743 987.1074951 725.4037405 102.9875175 1354243.405
270.031511 562.2077238 787.6596479 115.1367718 -1076077.084
810.6712558 543.9155096 883.4994715 112.9085048 -2246583.067
395.2436686 451.5658165 908.5292805 99.48189402 1303251.325
5.736781036 0.04024295038 120.293373 90.77530563 -577384.8308
304.7556536 147.9755545 537.1203914 110.4400676 -354662.2066
740.5596906 388.5041165 773.9036348 104.0481195 -801274.6222
242.3727834 153.3024262 631.1065186 113.3530296 3371729.768
251.7277146 678.1772797 545.2376187 141.526493 3544532.468
164.3083697 651.6374199 185.4857428 83.82186509 1406091.194
513.9530842 342.8907782 803.0239283 141.8853289 -2704828.983
365.7890803 42.47037406 600.7232105 93.15467102 -1645783.176
724.0074077 900.310847 165.4032798 105.413845 916369.4425
474.0401425 366.8930609 5.547060873 82.34916501 -722124.145
160.150409 756.1359923 974.3077932 120.0262992 4538370.353
844.8116515 829.183623 458.3914373 92.07752716 1968732.118
803.1383224 836.0967265 870.1794682 134.2807326 -7057633.655
761.5294178 812.5805299 809.472244 127.3797663 -3521561.687
991.287317 198.4062755 86.8484401 59.26351102 -393355.6506
741.7444754 855.8686423 413.7735548 94.98321758 -317934.1343
188.9503462 91.24901484 872.0676128 86.53208624 1012745.31
599.3649419 331.3575891 928.415672 113.3579327 3109149.238
295.8518126 693.5119108 908.2378974 77.95907963 -637018.9856
300.0230554 738.3676577 803.6595895 77.86455284 74248.33604
205.6645931 189.7038935 393.6223632 128.5000909 2029628.273
620.0969425 88.84905434 220.4985038 83.11859089 250875.5381
676.197664 850.4909833 706.382177 142.8453257 2570733.275
770.5397945 650.2532516 702.2624303 81.98436455 -756316.5546
115.7887404 874.6686913 576.0020822 121.0134153 3282299.892
829.4697619 972.1508728 40.71834208 93.63721027 1637002.068
964.1026887 890.5661464 463.8388765 91.70510293 -1816918.148
867.3040959 66.50506171 820.6989356 100.3007276 -1536263.7
352.506086 581.3529103 816.8014267 102.3780806 -2824123.974
477.9638468 484.2120101 610.2736367 90.00870521 -1859249.109
731.6782231 386.3934756 756.9971013 110.1418648 -1246135.339
299.1968525 151.5185091 560.1799159 109.817012 1855666.119
427.7166342 268.1586453 547.1128438 67.88716947 168220.4397
472.794991 175.1589308 886.3042474 103.8735965 2721968.791
391.092085 163.4481319 196.1434727 112.7303714 -931687.6429
166.9068237 848.6481277 919.6374753 99.31842855 -364678.0864
390.2010136 136.4959514 818.4858006 84.73773974 340656.9336
358.6065796 383.8194216 271.8580113 119.4938724 -3663074.808
129.5972709 677.9524606 408.6989263 47.50154653 -182000.7865
78.74784794 93.30123582 679.9358283 70.35870806 -498271.5491
316.4538381 453.8654518 306.6324808 129.9597999 -691959.0088
496.1586326 909.6861919 836.4517237 144.5469968 -704580.0773
325.3183537 553.5149773 633.2945433 116.6420539 -485798.1372
839.4748413 242.4265249 536.1217379 81.53430921 671555.6456
871.6220067 51.10050507 88.84309247 95.19984721 -1553477.573
761.7909099 649.0079961 443.050651 111.4947996 -2756854.031
198.8731506 164.5903853 107.0007763 108.7657275 2124088.971
303.0116086 340.7185727 44.34450741 126.0283756 -597123.1266
141.6256834 673.7432624 672.2909379 150.6253442 4011108.718
73.52282541 554.8192422 493.8434852 125.846101 3439978.993
134.4601025 554.2980005 190.3767158 86.78769222 1483658.309
864.2609463 457.7800728 718.2223825 125.3331409 1020100.622
270.9813294 403.6900407 99.31651273 101.7829564 -1504050.238
745.0677563 443.3243921 441.5449549 144.607409 -6093851.682
359.3755176 140.5749283 247.0287315 139.4771901 -6437427.852
793.3799648 943.8545322 449.8783998 109.8295567 -821155.4606
955.8895838 4.399191638 768.062043 117.8544682 -1966382.014
787.828544 744.4210967 909.2485462 133.4037766 -6298134.202
258.473448 400.4850914 993.6017488 136.84481 5926305.716
590.2348719 841.0623641 985.283126 121.075952 3173565.08
248.0346465 793.925678 381.3894352 144.8093521 1329054.706
788.4308992 738.0062152 280.7551215 86.33959098 990732.9384
730.1849987 367.3191023 513.4979501 131.3908067 922824.5954
869.7967134 46.8026296 906.1178386 103.4459893 -1075254.247
624.0237922 278.206225 208.9349708 138.7170253 -5745991.68
103.2371211 827.8139434 575.2641231 110.8050116 607934.9577
111.050631 857.2171031 566.3739037 118.7371581 3027552.105
132.9332048 664.7379751 683.9781303 154.5047977 7229040.668
847.4320625 674.3912432 641.2676624 114.4828769 2033081.208
248.3013353 889.4811397 329.2077607 101.1266663 484853.6528
846.654483 901.270635 640.5935738 129.7260226 -4701664.052
824.8058894 909.8319715 632.7982375 132.6838587 6531119.702
92.65675981 24.66157163 560.2793522 109.3291406 2646063.528
567.4279654 820.9486036 969.4991817 126.517919 -5545581.26
961.2039455 7.204193735 786.3574707 121.4169769 2837699.631
684.7204621 841.0477382 699.6397858 144.2855393 -5360585.473
624.7652884 573.8248353 719.8280442 108.3458401 -2338077.606
419.233731 819.0892215 388.3727446 126.6617299 3510602.264
745.3348513 77.17569174 651.2364545 132.9997221 -1300526.643
658.9458267 124.9451262 694.467946 108.4807621 -224082.7341
244.6453506 883.8466236 827.5379178 100.5575636 746435.219
257.3087365 145.4356084 172.8389529 100.4293203 -210303.8137
372.6797654 322.655084 276.059949 117.2422791 3470595.784
298.5596852 295.3091313 72.84944508 108.8954714 -1206409.22
322.2040326 304.4023952 980.0626494 135.0173236 -2695574.095
119.5446489 330.7876849 386.0984752 120.4645402 -3715011.837
282.0131774 750.189674 388.5735005 144.6102119 -1201555.663
501.6330053 633.1245759 449.0256827 115.5232432 -1359733.599
185.3852143 510.9328867 140.4031166 97.58380266 1472692.413
245.3329157 641.0198186 111.6940601 100.451993 1485058.224
287.8781089 768.0845129 361.3783789 151.92856 -4195871.881
647.0789264 377.8376914 597.7404287 73.23890964 420273.1238
835.3046103 619.4725398 645.6058683 97.63792189 -882634.8591
859.1618048 595.5324082 792.7717214 59.18344477 143729.3889
56.97580664 279.6520856 547.5517021 87.33309695 -629708.5966
829.0519316 429.7740401 65.87321976 81.9203002 1020158.771
700.5126164 45.40357571 568.750647 101.2918041 -576228.0575
511.5025936 448.7776207 907.0388154 101.0207158 -1554281.46
311.9750461 360.7855721 512.7427189 107.2007121 1699098.829
920.2757089 990.3470421 158.438743 90.19555861 -399579.0224
719.7224343 641.7285269 778.6495008 77.71334769 -1145183.883
748.3395754 632.186828 75.74774225 144.6216674 -222212.574
328.5670131 905.0235834 963.792793 71.94960995 860689.0679
60.29768336 972.4879135 747.8996426 97.95392139 -282824.0442
65.27918483 145.9668549 818.7073685 102.0000689 1861064.442
403.1621631 754.726311 108.5911784 83.27432766 1042439.28
540.338507 778.9885776 201.8435109 116.2710965 -933082.1899
687.1592487 883.6159961 364.3006041 108.7961324 1746782.126
11.86248601 53.9467653 373.1313361 117.4245736 -1625368.738
206.8883973 870.8648278 555.264894 94.20144576 583638.5872
178.2420686 973.3145637 836.7512356 105.165634 3340673.898
20.77655535 639.556742 43.87910411 120.814744 3429099.422
253.8823128 489.8837962 288.7673291 139.2613799 1838709.5
779.7426158 945.1152276 435.0494568 116.8548251 4007461.477
4.072347222 95.22931821 972.542418 81.28795171 -643020.1415
575.4056825 691.3624641 958.839394 132.5734526 -5235379.244
308.5891077 413.6998568 176.1880513 84.40559708 -271777.1997
889.2806104 374.4945753 629.8864167 106.1201415 398393.6342
259.5110312 568.2160935 949.3579396 114.0380821 758328.0037
286.9322408 732.2838703 410.2378202 143.0900883 -2731507.548
255.3270194 775.4178407 393.1248964 140.2883078 1274225.426
990.1805363 849.0705707 684.9186057 67.52833322 607571.0009
647.6582098 477.9194217 733.879697 109.1513238 2004861.397
407.0646149 654.3777222 995.8461201 129.7505871 -1211274.199
458.7186432 735.8707885 636.7206542 112.843017 354675.1549
930.8890616 871.4497122 293.2214446 115.9112911 1231408.474
519.0550295 378.7605486 591.6024221 69.72982958 -117045.1688
365.0664211 122.0383393 244.546284 131.170191 -1849815.222
280.7879055 20.19825743 222.9180148 87.26318876 -31252.60066
973.3201078 514.8950589 328.2792904 133.9816673 -5086949.771
543.0650646 571.0897693 10.86680678 115.3255762 -2131340.239
423.5314314 422.7712561 476.6983392 125.1222509 3301218.002
942.5993608 316.6889772 965.3663075 146.9643172 -1531688.013
339.9962574 290.8870544 8.990574287 137.0762511 -3265531.017
130.8698654 680.6696874 689.0610595 156.5237995 -6506520.769
689.037883 249.6557935 790.7592398 76.03287061 62031.20865
90.70602608 766.1300964 944.0027346 114.3239523 3530687.507
651.3800763 502.7990816 720.934765 105.132733 -894479.4975
732.4857945 706.6542768 422.0706655 87.12655439 -897500.5227
200.0652291 459.5633059 793.6359005 150.1635655 -4779898.171
185.2912702 56.47745021 642.438201 100.2635601 1120934.467
285.9317494 72.5989229 853.3805089 129.1056787 3019964.488
69.5492723 174.670987 628.5225009 63.65037635 500083.6698
503.9114378 463.3415453 232.4872551 104.0395699 -1170695.061
542.7159428 689.466814 753.3158935 108.5863895 339144.7429
590.5694741 558.1525444 339.1848801 107.4248677 2500387.355
507.9805137 681.7298985 773.5554188 122.973582 -1322978.422
285.0201269 352.8308446 14.68363017 127.0487042 1958798.332
659.7922432 423.3379108 476.6204795 101.0333039 -1368589.521
16.44273544 293.2980606 531.6613816 84.68950874 1545280.808
693.3460187 374.8808453 80.20788622 159.5737485 -8630804.449
703.1016624 319.8073171 216.2644179 141.8021543 3509704.871
867.8733958 78.62338963 276.010441 102.2165141 -1644491.107
879.704689 106.2851573 235.2962502 87.49706023 709299.3675
997.4811883 391.8298145 98.87243582 120.6114023 -4207181.648
815.9853876 538.0232476 242.9584181 136.1553011 5768148.641
823.1634928 528.6170254 245.7956082 135.1844724 4293411.252
651.321237 558.2524166 910.7186384 107.3215506 -755627.5056
930.0203863 622.8695162 501.4291908 93.84375463 -1335041.504
229.6101736 897.5638478 549.4267161 98.44995944 -437436.2112
70.88405295 549.9584426 495.8352946 127.1739313 1152098.605
464.055042 385.0510869 0.9041961493 76.72428719 -329810.4936
451.8510033 352.8384397 702.1885659 113.2330366 1020468.237
507.2860825 461.4005989 226.8201073 103.0295591 969855.6466
643.8903138 878.7061535 708.3211111 135.9027333 2768507.894
933.248504 70.89361336 240.9184753 105.0033457 -2895195.377
493.0129934 785.1475813 215.6987464 103.4984626 835210.688
110.4465983 670.7631292 151.7866488 88.2260246 1447190.176
148.1771219 932.7839716 141.5457838 105.4560645 2780469.295
70.3202079 786.9323582 405.5422188 128.7738483 -1511994.083
176.4395072 279.6767267 397.8847077 108.8916422 -996240.4711
477.2431932 390.2354126 597.4161377 87.65588198 1164471.359
532.1195811 412.2961721 820.3345378 140.4632538 4212772.986
434.7261468 939.3297778 426.931434 81.26925536 301015.5749
671.78529 479.2650679 181.1532734 105.951647 917696.9007
259.0880523 835.364471 353.4443083 131.1005731 199965.8556
605.1379776 750.5961183 998.0818664 134.3563194 4063768.166
430.5350348 937.2445713 425.140658 84.2023932 -607300.5418
241.5561556 96.96795472 754.3971034 132.3440821 2175657.916
635.8851806 116.4349171 771.5523693 128.9339352 282406.4772
162.6033054 642.2168633 759.24901 124.1353097 1434994.785
305.2793961 571.1241088 634.0590695 130.4294316 2144260.21
212.1847768 507.6645985 490.8749257 107.7277928 -338768.9448
740.0788223 548.3014142 924.4154584 109.8785543 -1762700.37
721.9642548 730.5051514 647.3702167 93.97893895 774937.1604
46.92241997 231.6075502 301.5512579 143.2242878 -6947452.911
361.2786303 144.8374249 244.4054276 138.7354895 -4583484.708
8.286145988 125.9860055 984.8770241 77.71925939 890176.7202
974.6603112 294.4466515 785.1470969 89.88162895 -173135.0442
745.5607158 73.1426087 650.8746085 134.4233237 -2624400.854
675.3278058 906.2920264 382.0621127 108.3111677 -1616851.576
588.8248541 631.0862104 540.5869567 130.717293 -729372.6637
521.6890621 308.229086 659.1971114 95.3255239 -933801.6659
19.75655985 368.9327784 734.3308226 72.38842752 339270.2713
410.4424442 356.039969 794.6046094 138.851175 -411337.553
571.4261229 90.42947515 374.4850625 111.2697862 -1850024.634
276.4974263 132.6800192 909.4419936 138.4371161 4306031.199
277.0668171 41.2903836 860.6688578 109.7103035 944516.143
694.9849308 702.4707839 521.4391448 100.6834962 744421.5372
305.2564674 906.7912261 699.8651649 108.010017 884627.5117
42.18472551 702.1534081 187.0167874 117.7532869 -1375057.937
132.7049706 276.1370404 303.9568231 149.0656511 1740747.921
408.6332422 643.2978417 3.871650523 137.7382906 -5107711.599
136.318865 21.54469804 93.57991942 119.8799949 -1350967.889
356.1817043 154.0497956 235.9239706 135.4449026 2308815.246
319.1772812 884.0691931 717.890794 117.4259602 3824195.569
695.7249086 701.2696893 521.9908164 101.1227143 -1857507.185
333.8704601 596.1646434 778.4536754 97.05785988 -1141161.482
642.649183 833.1777336 316.9970323 126.8513859 3986324.16
68.8499551 75.74615816 116.1743781 117.9160671 -2147154.059
336.3660008 577.0970723 809.0084933 99.79826883 -454693.49
929.6073699 369.0028902 276.1890717 126.7851634 -1277891.742
787.8159455 272.5861352 253.1518487 121.3459734 4001044.338
741.0106353 838.6800309 355.9536388 89.49435859 -674907.5689
90.89167986 996.3297377 914.5862621 105.4532621 2633787.351
343.6699848 600.3974513 900.2694877 102.4157814 303177.7437
382.0907874 268.9606524 582.0561373 58.19390873 92018.00954
430.7898492 402.5543147 753.3216976 125.5774742 1109793.921
465.1309942 729.2722147 432.7964774 140.6095923 4662590.287
408.7803609 95.67696805 205.5903132 99.70673064 1141077.471
919.0418429 471.3237513 923.1849408 135.071884 2062112.978
852.3548069 223.4838084 487.7883232 82.14393732 1057369.429
982.1529821 377.9504827 7.251468834 140.135706 -4531565.786
438.6452377 684.8741124 971.7030461 109.7565936 -269436.3228
169.5016184 381.2723833 274.0061355 112.7040274 -720121.3299
476.6071932 560.6000159 212.9178825 118.4882101 -3001706.482
642.2855471 383.7375185 515.6521204 103.7893601 -1985497.589
87.8331101 262.7439814 213.875902 94.66780957 828028.7784
871.435956 795.5583382 130.2026478 110.7238199 -2263897.216
807.1668097 722.1233232 563.7143002 97.57298295 -1844273.429
599.6478171 264.0182521 234.6972296 132.2820788 5505164.814
446.6216265 338.4476846 750.0213923 141.4391418 4484988.053
444.6385271 353.8367313 726.4776521 126.643273 -1477136.071
29.92275475 506.8104078 959.200015 136.0577019 4990003.292
424.7918385 824.9713309 386.3115946 122.1110216 -1127257.954
231.5720455 111.4625351 316.5904725 146.6617962 -6716831.169
426.4759142 437.7719487 529.4652349 105.3875371 461907.1302
283.6386189 36.02218695 243.3275723 101.4716724 -555357.5216
249.9407674 200.6743192 655.586922 98.29931815 516681.4053
244.0374813 841.5461505 529.9638874 105.685815 -2128408.092
750.8978708 896.4756901 871.9492869 115.9988434 -1559973.655
85.70856045 254.4693531 742.8327717 91.01841884 -785199.5533
802.3595684 930.6105053 573.4679159 109.6880625 1055126.699
637.7095274 146.0906859 773.1649989 136.3614418 723713.4678
803.260289 929.1078287 575.4836262 110.1817931 624206.5497
185.3407385 254.4042541 365.494453 122.5753774 2468209.136
637.9467867 146.5172155 773.0979914 136.5754996 -2814959.572
633.1759742 468.525662 651.9610573 93.64168699 1486373.473
516.4440233 439.7023665 915.0979483 96.1644367 -235307.1884
770.2657422 252.4642781 372.703593 110.6750562 -1420261.613
6.013866744 867.0828062 454.3412713 97.11704256 -1152803.491
246.9358541 793.8590446 382.3985566 144.4120451 -3481313.138
856.5207153 272.0436808 949.4210327 115.3987694 -2509395.347
159.4958524 666.0818007 766.8116151 128.2570156 2494479.123
78.95149584 280.5063182 6.297725732 118.2335725 -1345787.558
467.5880931 914.6412759 483.1794996 76.46592757 610826.2248
654.3449697 654.8661865 290.590537 123.6112763 445605.2203
442.2269405 738.7361189 420.5649691 145.2210694 2592003.407
291.5215732 215.2944876 498.8023827 96.9998437 -334015.0945
657.4451711 414.5190761 425.8714635 75.02001064 77018.5225
449.2853566 334.6462538 747.9147734 139.9828356 3254567.784
463.1495064 295.9216876 148.193679 101.1148348 -1765144.858
375.2530132 128.1583621 438.8985801 110.3164073 1133030.555
412.4343941 148.7741547 319.4936493 113.3486587 -1455014.509
379.9228347 127.584567 438.8798149 108.2397035 -632062.3241
348.9459612 379.2641318 239.1543996 105.2797848 -905948.509
37.36508159 987.5979755 745.2775058 105.999677 -2460775.793
898.4891827 821.4474125 604.2239626 111.9393315 -3331099.299
907.3280694 803.0926961 622.8642086 109.6865281 1932432.664
87.65439435 795.0881187 813.1255077 89.01633231 -861859.9929
125.8550647 944.7747711 781.0113758 96.26259569 -719755.6007
714.6769443 430.0544806 383.9127677 113.3495378 719749.5685
348.3444036 72.99429759 547.35023 91.55978949 -745193.5957
31.43193766 797.5965493 764.5354644 103.1031769 -1182142.706
708.4848933 530.8532633 691.0196681 78.38342951 442567.4832
481.0400478 43.65777089 24.65681924 113.6953721 1166547.824
648.5379788 195.4386684 815.8694962 124.1393074 1622181.985
803.1388938 375.3114246 615.0572286 101.8622424 643478.1044
629.0142675 160.6618361 22.470469 106.2410935 1372139.14
829.1961289 841.860315 56.96753392 99.46251281 2186177.603
23.44591469 337.1727681 626.4517446 98.1008905 2101661.142
311.9573558 340.4397088 596.2180068 86.2877383 -183497.7613
327.9864383 358.1984873 836.0094417 151.7641796 8641435.937
417.7664376 983.5167872 662.7495782 68.92322472 -789245.9857
265.9630001 432.7481991 42.6085555 129.5898639 -2491151.503
191.424607 64.40709117 662.5535308 107.2383588 1747507.245
469.8117687 675.5436776 735.8604624 132.8040492 -3374701.323
780.7394549 116.7744511 326.8030254 124.7816477 1628009.975
688.9376112 844.5539875 705.3070731 144.8127408 6547824.054
921.8464979 474.1558004 920.1772037 133.414263 952136.8546
130.1402172 783.1109646 29.95855452 86.58157489 524437.6775
489.2303788 354.0929549 130.1649037 93.37462937 1324531.759
532.0096894 762.4192523 543.004612 125.7112772 -1679637.403
625.6920207 154.9524327 21.04955741 104.3776416 -330811.2554
808.71588 653.575256 8.722048181 128.5618075 -3985305.106
759.5937 118.2478434 637.6411579 104.6871263 738665.4879
828.1786322 645.9770845 950.3787152 128.8160887 -711820.3346
79.44841924 275.507055 519.0376187 95.78453853 1321783.428
696.86352 532.1651337 905.945979 122.1225516 2912107.898
758.0718782 401.991133 95.12556227 123.3355226 1308935.288
650.3552383 750.9943101 385.8553074 92.2263162 -1387742.897
562.7208538 681.4161353 504.7628091 114.7116241 -654439.7391
690.7757684 43.56429936 308.4992957 94.86316301 1610563.822
564.0607573 738.25021 513.604239 135.7849596 2309993.955
437.5469002 934.7816816 435.9318486 78.35660731 -147077.8183
729.9619706 64.14351988 687.5614126 138.5381213 -4222779.967
125.7386297 208.1656427 986.1739663 102.9026218 1928821.473
522.0348749 32.92925516 576.6472318 100.2505713 -258280.4133
565.7153155 5.232847579 698.9403011 106.5619652 -1130906.098
346.5245966 215.533252 212.8093931 114.636249 -1680729.769
292.7250765 478.2209829 328.1392585 131.6756164 -2400876.77
265.8285489 488.6781064 310.3076536 137.5969141 2968285.66
265.599973 516.1516511 276.6807091 118.2444273 619503.8001
501.0174512 621.4989317 450.3486432 117.2645796 -3811829.842
542.6060124 85.97338656 180.761562 89.25603049 -1259675.132
745.0227595 843.2679316 178.4018729 77.85189663 -154847.2884
559.7273572 320.9436288 352.031279 103.7700892 1123981.186
960.7457131 34.72538798 426.464945 113.0063642 -728077.9261
957.4044622 34.78667074 429.9809711 113.2490548 2518487.016
560.912449 740.2123768 511.3397014 135.3122164 -3287845.743
471.9491023 915.2292764 497.7604656 79.58451374 1490531.291
587.2757201 937.1816654 506.4839031 116.5449853 1915441.885
479.0767491 279.725497 561.8602076 55.38137927 -315675.0931
106.9348186 904.4001622 598.6098859 116.0528164 2033154.187
516.4411777 435.287753 840.2700287 126.505328 -1212493.807
497.7953368 648.2505671 745.9528651 130.823959 -2877283.702
507.6446185 676.1365495 761.0373714 129.7571141 -3529788.585
242.5161203 835.0051565 526.3036797 105.8617957 2498687.304
110.0504648 29.54711941 490.5891345 79.32157486 247230.3524
845.2005704 227.1218758 719.7330082 115.7601686 -1839390.698
327.5113539 733.6095744 387.5789447 146.408929 3999946.438
329.3989575 55.74874127 671.5681372 95.4787245 1446917.001
909.6741624 468.2493094 918.8043517 132.2198631 -1958217.538
468.2631128 734.3329603 423.3398316 137.3217046 -2586699.24
60.96569063 285.0366124 46.65188264 110.7402766 -1075304.121
588.7792338 99.92601467 226.4395678 97.42448295 1604187.107
435.345279 791.822093 704.0511888 128.2558527 -2849588.919
400.5218746 975.580219 72.3988419 86.49042836 1169878.272
189.3677554 978.9581827 383.6060439 80.69698543 -555423.4302
559.4481115 969.5439295 427.5562551 80.75123308 -671129.8125
552.3799563 14.52355216 419.397847 82.740449 -319737.7602
520.2315125 46.73757213 50.29651082 119.988521 1178014.205
613.966296 746.0248224 539.5166479 126.5628516 -1391563.085
181.4012947 938.1669917 473.421925 48.94736667 256802.3892
901.4078967 754.6092282 693.3535191 114.3809419 -1158107.015
75.60623855 211.2553972 503.0964782 68.53978634 389005.4932
81.93058373 567.9676091 33.26071039 116.9871031 -2082343.65
67.12962608 766.5304576 592.9906842 95.66573725 560508.4759
985.1318615 653.3862502 857.8912728 99.29902724 -682230.0309
187.1359983 967.8203164 450.538659 52.08358423 -312254.4046
334.8449838 243.8318075 644.1250888 75.17230146 1016395.066
314.1650509 350.2322517 605.6227667 86.322126 -204441.0327
348.4640989 384.6615512 608.5508511 80.15843235 -1170649.283
588.9345713 47.80509044 268.0998328 113.7053785 4059677.123
822.6244242 789.458654 549.5156345 93.96419018 -390004.4466
996.0250322 702.7998282 163.3957445 128.7079995 -3010548.756
334.9260371 554.08839 187.6576014 91.71525638 1898698.465
758.4468779 700.3732119 416.6769912 89.42460314 470296.5446
995.4690242 887.2346829 323.6885146 106.7299903 -199977.7442
391.3887363 7.461608321 284.5195671 92.36347883 -1431199.996
197.6850787 662.4663373 251.8980938 96.8008451 573178.0803
386.6402305 851.594619 75.96708304 100.4181997 -1311146.97
927.5080085 199.8886776 616.2024097 76.13410117 -271813.624
54.40155737 61.39042168 652.0287735 82.29132631 1250120.646
48.00007984 86.93639928 653.0368392 73.85644943 628645.2082
9.776044781 995.9426288 691.1386808 99.98932848 1812199.037
869.026744 401.1842794 632.7718066 119.3552789 -994504.8621
25.41289068 128.8814238 604.6617944 84.42950233 -1039092.671
875.5719636 110.5743651 516.4218368 101.3895192 1063854.047
720.7056817 54.37782076 578.7439383 107.9211175 -1685373.24
76.38862558 238.8988388 696.5486663 79.64875171 -1326837.821
646.2064062 120.0608374 414.9976047 96.61251453 -1458060.261
581.9658039 971.4723041 752.2922422 142.1166992 -3978571.329
623.0045387 739.4920344 996.9111201 131.1948397 3378135.258
434.0319222 833.4644254 636.8270336 135.4303304 3552246.608
181.6592162 980.0594571 835.9338685 102.3708083 -184644.3484
730.9152553 129.7617402 624.7509976 100.9921206 -710401.822
986.9385134 843.932431 698.6231631 69.33697861 416726.2651
10.45675309 856.2712851 316.8284041 124.3512125 -204170.1507
468.9041953 725.459996 307.7494501 90.66856065 -1034485.229
737.7793431 543.3752051 431.7423044 154.6891874 -7563241.332
692.7309623 565.9037617 332.1364994 133.2410224 -4829838.453
469.5436369 401.8553498 988.1886002 71.44532822 -86234.89366
867.524324 465.111582 741.9145755 120.3237731 -547700.574
988.2714412 243.4392229 814.6962368 118.4364246 2206553.196
829.7531562 28.75087613 927.6891312 100.5469659 -2253057.609
442.6989383 176.4822476 304.7667676 99.27472146 -623515.8068
660.5268063 931.9147947 110.5918711 123.283761 -1486611.283
425.4687913 424.6148812 487.2374815 121.0847876 -604652.9575
487.1147573 457.7093824 427.7286035 102.0277443 2225748.452
875.388137 776.3457061 129.5970548 114.6706441 -3464799.387
367.7636028 985.9458158 527.7979185 80.93264314 -169195.4519
923.680259 312.1038481 167.446648 101.7992097 -1813538.223
711.4957537 134.9447967 401.6903887 110.7533935 -2669632.071
555.8093048 777.5935781 410.084832 104.4261685 -2566583.606
926.2475173 315.8054399 324.5981306 145.6388796 1578271.302
304.515984 332.8647643 47.50788783 126.584122 1533929.588
392.3590953 150.5983523 212.5077726 117.5848481 1911903.569
425.8592908 171.8797723 309.171144 108.6900163 -948508.5506
286.7550739 465.6712316 138.3556664 98.15482376 -1924934.308
205.1575635 212.2267924 405.0410776 119.9660581 -1084534.852
308.2750215 455.7519312 304.6672589 131.6342563 -2049198.717
25.92921581 981.7364436 721.9561785 99.73376368 -456549.9158
357.0825742 447.3329275 313.0418679 126.2635137 -3551378.629
269.0017499 330.8112674 381.6195345 53.90798303 229414.3076
240.1330033 407.1120227 929.1040336 135.9342621 3912358.722
267.4847136 391.4302671 505.2457108 106.3035071 2746261.456
133.6819047 15.68673268 96.34715399 122.2235848 -2674764.814
371.89705 320.5709138 276.762962 116.7128094 2494583.81
719.5674567 38.93665862 250.01721 107.1608791 -819643.9308
753.4119874 929.7100392 31.40287442 107.4616771 -1465361.717
654.7316715 44.83920908 312.2026307 93.21489511 1418165.221
483.7188073 463.8047145 905.1580251 101.1344923 -1046281.602
790.6861635 738.9939429 909.1335471 131.572994 -1594512.556
954.9929583 864.5598846 910.836505 136.3431534 3233437.508
692.7482036 278.7779869 565.321151 133.2875317 2903962.147
886.1469496 49.94691616 863.8973134 95.42735401 -472731.7115
944.8211795 5.959964985 805.4788846 121.3713055 -1222247.74
753.0047023 636.4995682 740.4676112 76.83070854 310031.3238
619.1470054 855.5706475 570.4048322 133.4692431 -5303276.299
697.7709409 345.7748759 41.01805995 145.0974767 -4950323.001
594.8855352 872.8759927 355.7240235 112.2498003 -2978689.839
446.0065121 359.6994125 776.6030367 150.6352232 8714009.718
327.1545128 469.8925013 660.0187349 94.01686684 -1475044.754
649.3550242 424.4072821 615.8584755 71.45140902 -199381.0565
740.9286187 98.1845299 782.7151931 136.4831801 6073684.142
544.7450176 59.99600571 32.19991252 117.1420951 283658.8752
586.0394375 105.3298373 999.233729 98.76578428 -437784.9905
780.1099502 759.6141271 282.6511551 79.48227735 -609937.8348
948.5450428 159.1082254 703.7804811 97.60758571 -907800.157
111.2602364 678.5411923 852.1545315 106.7391522 -1763498.854
46.70585943 539.1922651 986.9236972 130.2964472 2171623.397
524.6521283 247.7574581 481.4671537 106.4086751 -1007207.124
11.5961877 542.9374039 755.122212 87.87271628 207039.6546
277.6293456 180.0332933 426.0205341 122.2855849 393605.2328
44.98360861 37.87916701 902.5050779 101.6727219 -1164632.768
857.4407224 392.6846824 647.4904035 124.7993716 -5351075.81
438.7258566 684.4337422 971.8360498 110.0425155 -996686.9811
361.5005322 591.178706 975.4418181 139.604038 -5520524.67
12.16018168 542.8810994 717.8470962 111.9347688 1002581.2
433.1628848 523.0540584 875.8657063 116.6557405 3352603.639
619.7339104 569.3910418 735.9749117 108.4134481 2855556.941
480.1141316 407.6374804 653.6803423 78.07822155 544966.6859
645.6113468 538.3284394 889.2008296 100.5401765 242870.1813
496.4819025 670.3232196 844.4195541 76.51719746 104431.6881
354.863738 919.671633 939.4046261 68.89099735 -585025.9741
148.2743634 435.9035518 794.4165874 135.5696143 4058082.351
220.101944 210.3130532 719.1026598 118.1584026 -2194336.136
106.4770761 215.5165252 667.1524558 75.61403102 1147538.068
178.3336891 370.797241 700.7127001 99.32966226 1454701.08
705.4722539 296.4152979 533.1974251 141.2663694 -6035973.071
944.7529253 213.5482585 837.5555553 96.16741642 442035.357
934.7721993 11.91644458 807.8330268 115.9678015 297429.8591
753.4944058 508.3182407 424.478997 153.5695877 -8595745.33
434.9844403 148.0954207 667.678821 97.32174237 -1797232.702
53.25851227 172.4964299 475.1480213 75.09746916 -1096875.538
791.7475728 559.1780745 556.230856 80.18012658 -398020.6919
878.5736481 462.7360878 717.2000897 120.428273 302139.3263
406.596437 744.0408435 186.1764079 72.56689391 835138.7876
653.460525 639.0230931 298.2598666 121.3140445 1193973.275
539.5306244 626.1925863 738.1231942 120.6945646 -818902.337
301.8121575 145.3857852 546.1854212 110.2714815 -1104830.084
199.2017588 397.7524108 980.1490272 113.2417755 2226375.865
173.5597385 408.6800025 987.5979158 98.70302617 543883.3945
111.4024475 333.115453 983.0583864 92.96489491 -129501.6842
316.2905868 229.162271 489.1571063 104.494367 300235.9845
288.1297536 865.2470617 739.5195767 113.2956221 -3349158.939
379.7865127 782.3912133 958.7265373 95.12621632 2136297.386
434.0979699 947.4148748 934.683899 92.74304846 1264565.556
206.0477528 489.3094238 795.2833933 138.2692628 1427900.326
661.6393275 25.88580967 543.1710728 93.15322449 663327.0103
17.38679649 166.6856726 766.9389527 88.82034463 -567352.5888
770.999387 74.07673638 797.9558735 122.7844568 3550540.286
894.4377314 264.7260496 723.9561264 115.5668543 2645112.654
563.5791348 7.18772888 696.4058499 104.6641366 -491198.464
637.2833309 460.7702504 648.6369809 89.61452303 -409800.1304
628.0333783 405.4616246 745.8444023 101.4396492 1387034.486
572.9925768 159.4319342 505.4568039 111.218125 1296745.647
551.5523097 162.7684884 550.032117 102.1940298 1031146.576
558.3814801 113.4842182 514.0766892 108.4737389 1542313.378
749.9743437 153.7726457 254.7438062 88.07327763 -818314.0572
717.3447508 196.8391936 0.1099372758 107.4158544 -1834193.753
548.6676992 25.39241325 61.55506009 115.5190562 -637969.8839
745.1552783 73.42207541 654.2368985 135.5987252 -3900217.696
631.4360807 160.4630637 773.4662542 136.5691527 2715059.703
997.7758547 144.3190013 91.46118832 75.42874048 426558.7733
859.8912725 70.53318954 55.939913 106.074387 -1681067.478
860.272966 74.84112831 55.13513484 104.360937 921852.2798
832.3016474 107.7221515 87.56133358 103.9474432 118077.0057
871.7847739 123.4395578 174.7118929 82.8669408 -688551.3744
836.4461024 160.1024576 129.1597954 103.7312279 2284444.274
824.7240113 140.6260515 106.8479822 109.0253456 1756475.969
822.7759231 120.4984503 99.29505253 109.9152748 2471725.431
829.0645011 110.8806683 106.6969263 103.0812096 -1016851.665
875.1594044 50.06028774 92.01161355 92.89018261 -683322.4827
933.4342464 174.7509111 31.48186658 77.0306755 1047740.497
868.4688237 69.71633261 21.04056701 99.22829359 675094.326
861.5913384 60.09737002 47.25341569 107.3262585 3134044.283
862.8417922 58.73484622 48.76377838 106.8393652 -1838487.55
13.67856455 141.8698374 138.7213651 88.05725562 996915.9717
2.720105551 170.9298401 97.61292118 68.88282887 317893.3979
926.4678356 210.9788669 29.45983555 81.83863888 -400421.5091
879.0214762 243.2085097 140.3445692 86.44697097 -657576.6421
4.432818391 96.29393513 973.5664021 81.22397537 522552.5389
851.6232042 968.6017296 157.4420742 78.64454742 778915.1707
932.8399524 978.8119727 180.2418633 104.2072189 -1320827.24
935.777745 980.9102062 188.4502019 105.4876954 -1818591.632
886.5290737 992.2439723 249.4690238 92.18247191 -2137644.808
861.4382882 988.128492 238.3204987 79.98887323 547372.7205
811.4536099 970.3741621 175.301669 83.4055526 -829599.1495
809.2652526 970.9877468 174.42816 84.00709851 1286508.893
840.4300846 974.0401312 144.7601562 79.28071588 996919.6285
866.2629599 8.174771068 108.9691914 82.07042907 945410.9543
784.9151716 285.5370232 983.3175461 113.910834 1798656.337
769.5532544 209.0835752 9.792060459 100.0094726 858434.6286
752.9421552 215.2538903 16.91967654 110.2456603 2949167.167
745.9997067 260.8017968 9.499946868 120.9908246 3330690.739
745.6270654 300.3108157 27.10766809 130.3608601 -4446134.715
784.0263246 290.5626219 986.3569604 114.8717033 2078810.281
866.7380295 293.8234319 957.3620863 118.1224958 -1739679.863
765.9037325 14.00864474 198.9580162 91.852608 1084445.177
20.41151369 44.51474744 80.09148133 92.84206981 783694.7316
890.743141 293.9279599 98.99961383 81.54221645 1097063.194
931.513071 319.6387796 991.0217033 134.0607283 -1341510.118
941.311665 312.0807075 968.3362978 148.0808297 3669310.128
43.51581346 82.82066843 94.05981938 101.128013 -1357469.002
894.0154655 61.0439024 279.1101927 108.0543747 3185921.518
782.528116 20.6998961 220.9834019 82.36634322 568633.6809
919.001605 286.3657851 192.1062182 108.6305748 -2889901.85
680.8454665 371.0909067 118.4376377 158.1835908 -3168330.502
676.8148036 364.4200188 145.878592 157.4442513 -5051717.733
998.9502493 35.90658669 75.81274561 85.10611322 238922.389
805.2725308 142.7050624 101.3924156 111.789933 1254871.896
741.6096508 120.8926952 101.2643619 112.0038383 -2003581.072
403.8646826 363.6807266 673.290381 78.97108856 -130968.6567
129.0164623 279.5021598 303.2949347 149.8343015 -8469201.197
716.5273153 124.279667 72.83649607 100.6384476 1317366.694
683.1521562 211.1652832 981.2654792 117.9835281 -3500586.163
682.5177079 215.1625986 980.6013334 118.5981832 -3975712.785
846.843248 267.4487162 327.520821 133.0932834 2231176.724
780.715458 116.7599787 326.8718232 124.7898968 1199262.512
691.3290579 711.0465075 51.97609626 127.6640924 4213193.88
650.621586 701.3623774 248.9767744 137.0558975 4749903.602
614.692461 94.07665822 55.94344129 87.37426256 426954.8039
931.8291694 257.049471 970.1380649 120.240319 291925.8264
589.5575056 325.1441043 500.3458174 93.52571882 934943.8082
963.4455156 603.9853613 143.7163995 103.5839379 2172303.065
712.8485121 857.7776202 701.8312403 132.6864206 1873331.948
849.736265 820.8874416 490.6004723 88.0281727 -348366.9289
929.7600736 434.0689086 122.4802452 81.69130622 -568827.4931
726.4952157 389.984449 358.4386061 105.108617 947381.765
769.688145 557.0749813 292.0541348 121.5827118 2131065.106
602.6933849 272.915399 271.9773134 119.8638709 -762132.1952
615.6612302 289.374954 308.9299457 116.7914343 2383137.173
712.5127929 405.5231932 97.6166734 154.2022668 6413043.299
934.5698703 825.7782192 356.6399186 112.8043148 2636552.782
31.43610704 80.47802698 235.5012547 125.5949105 -2728117.817
695.8515872 330.1293693 295.5763762 123.3022213 -2882304.029
896.0449156 444.3661373 132.6248922 78.74051066 1101065.047
840.2157803 418.0741942 191.651904 107.4206449 2670855.392
907.6695001 355.3992011 212.3468565 116.6597971 1922224.985
663.3607119 357.5432889 300.4676886 109.9668286 -1468599.348
579.9982673 946.3538746 58.94281154 104.4689261 -200684.3041
592.4387632 708.5877347 909.1090191 126.6316175 4449696.341
679.6287427 320.2673637 205.2866689 150.1221823 -7336377.812
721.3611302 807.3227846 268.759718 80.95885759 164154.4952
851.4669007 269.8246647 330.2821371 133.3554085 2305768.379
707.5072863 455.8198162 135.8390583 136.877287 -4009318.45
2.686471081 870.6393726 437.6086955 100.658969 -1328113.247
904.5806118 297.4950101 338.8179433 143.5601451 -6237329.345
927.1038241 309.5731685 321.2537862 148.7288391 -8459106.904
657.3542584 572.7730576 25.24467475 121.7021499 2253799.419
27.15067353 328.8204345 623.0774194 96.78282387 1551015.436
930.0062789 363.43097 280.8872613 127.7465577 -288133.4082
816.7725018 748.0441965 308.7010262 91.23671948 -900937.4267
67.08269998 578.3001455 898.093059 100.2924197 -1626139.209
537.495772 911.556531 213.1627019 151.7550572 -3740687.617
817.5619233 485.7013969 229.1909719 115.3635096 -983566.0528
808.8157074 266.3070659 333.5489394 129.3979309 2877235.157
726.0402767 132.5559315 385.2266946 115.0452359 -2081075.442
705.6920045 248.946385 403.8901778 110.3679735 3285972.825
701.3068496 211.4075836 403.2030385 101.274561 918612.3562
649.9426595 267.1166302 353.8455777 92.84324002 350052.6957
757.5545882 345.1541813 382.4334859 113.4721238 1424408.195
606.8559396 217.2483748 234.9347779 113.8148401 -609281.912
604.3341816 228.3427644 228.01722 121.4394787 2437612.751
572.8926062 323.002865 346.161669 98.59373847 150293.7288
569.6827745 309.3892602 343.9070409 105.8503928 -357595.4523
593.5409258 286.0770213 321.4632838 116.1063147 -1676820.096
530.589407 147.4667939 187.3582856 82.5731989 1001956.309
504.5100356 166.7977114 81.6276713 77.05354365 -416199.9074
506.3242386 172.567909 67.85097822 84.5502641 -1443494.903
525.1702118 70.7390252 23.97184962 121.9353365 3587089.045
523.0908749 49.90304093 48.4863389 120.5265543 991260.947
524.9216246 45.71619495 52.93190491 120.6883871 -1569654.552
545.3395096 36.948301 58.69811872 119.3427862 2252403.939
915.9793274 99.25688672 219.0638875 93.42377277 730390.7591
586.0452238 287.880496 325.6562403 114.6332673 -1919705.141
558.9844825 274.6712538 260.9628605 111.1479086 -1638863.407
701.931556 43.95803385 139.3451654 91.9540796 1010191.659
609.2514023 320.0761572 158.6893477 138.2591756 -1588331.831
563.6675989 323.3701366 167.9443931 120.0330935 -2562776.541
547.4812705 296.9417794 207.2446286 109.7017252 -1625270.607
586.5164578 108.0433779 20.07169769 101.2256745 820090.3586
731.8609873 84.30043264 29.4664645 64.70321539 38745.0587
708.3968868 927.5603505 139.2196804 122.0091513 1457901.332
728.7117747 924.4071088 99.76246916 109.3567898 -506681.7533
802.8625849 939.0548721 58.06226622 95.62171086 1346740.087
764.7310982 924.8451671 53.38657735 110.261624 -3136940.096
581.8122609 152.3524721 215.5911281 102.673411 -819925.5026
491.4685144 343.0284099 296.6054027 85.61379422 1660486.363
702.5785527 26.43752444 2.735247858 47.39631936 -173812.3123
619.7088194 111.2431922 967.9118839 79.88521261 405860.2765
683.7753159 32.52240013 933.141799 76.09659536 -303027.4145
483.0537656 420.6054048 286.072879 87.1116248 1437569.364
698.821035 941.8262971 164.8557533 127.5440804 4858285.737
717.1295193 16.13826338 203.5185483 116.1197199 -142858.7087
702.3818674 939.9433495 166.6431981 127.1230516 -3725764.764
709.4917884 934.0661224 163.2069681 124.9245831 3031804.524
914.9540569 235.6158919 168.0211591 80.2096723 507837.5338
902.7441669 163.7364146 163.9408093 70.29775254 596873.0658
758.4351654 960.0198412 517.2222119 109.1940592 3832301.559
755.5640269 991.4112939 529.4728459 104.4531612 1919781.482
715.7741401 36.34817872 550.5135855 103.5014687 2057577.25
714.6218285 86.88583741 443.9015218 80.52857114 684836.8928
631.3263503 984.11589 424.1772263 68.57633652 318248.612
713.9643945 129.586389 64.9039776 97.47024266 576771.2556
996.2523012 356.0744276 82.95514716 120.8982849 3659260.683
627.462077 157.5056331 25.31002317 106.6122811 1236481.478
614.446814 204.9004735 172.1375882 98.21451896 1342348.991
528.7780582 193.957076 229.6367572 92.51957682 -1536233.277
497.1648345 120.6556752 403.0029434 111.8350735 -2273371.492
519.2912355 226.3533771 390.8971773 85.25145825 1200246.141
519.1994626 154.7999271 416.6864073 102.1961712 -1296793.607
875.5204806 110.9431916 516.1112893 101.3536591 471341.6682
672.1414861 912.5578375 507.6007863 113.9422345 -3244340.908
779.2280345 951.7116462 456.8389073 111.13567 -1505514.103
678.3824602 227.0619509 557.5902866 117.0529116 -1296812.147
787.3978155 241.2181858 632.7175127 90.0957077 -1250015.744
779.3023141 279.0034985 593.8466139 99.37311592 1632443.859
837.4603399 241.7442879 523.2265574 84.87230886 1439677.646
723.1088976 299.7078953 543.1336029 132.8043396 2434707.658
740.366386 295.1669357 572.8417354 120.1715216 -2404373.693
698.1890453 274.6146802 581.7201244 127.9584277 -257745.4916
701.8725409 272.6267415 590.6838134 125.7278709 -1675744.617
701.3919816 271.5078009 591.7460235 125.528364 -2033470.972
702.0078524 268.0304647 595.3073291 123.639063 2541353.652
691.0861164 213.5191971 598.0475695 106.7860592 -2068660.427
764.2116773 31.01056041 417.3971588 88.40323689 561605.8935
681.4496329 925.975516 396.8440565 103.8134009 554750.2711
768.3090483 6.089929198 408.5732537 94.28733737 850504.7444
791.3417201 168.037857 643.7889808 83.48320462 619850.6994
792.7222358 232.1740253 636.0076863 87.67403849 -690689.2696
616.4488574 255.2248147 524.7822684 118.4259175 1722532.706
612.1848158 276.7071047 508.4577879 112.6532756 1268134.951
540.2665042 391.1787336 527.2403619 86.81206331 690999.9852
513.4425846 364.3307183 621.2598907 76.14417328 -409306.1706
499.4827291 366.2584502 623.7658781 81.95803525 -647169.1686
486.6664346 382.0705821 599.6071608 83.88040287 498522.101
533.09457 443.5443382 391.6971507 78.53523868 -564014.0135
523.4734546 427.1926551 383.3127176 81.4778216 974622.2529
541.613207 331.3177393 371.6836685 101.9310679 -1368458.627
752.5532658 301.5046158 359.4175816 123.1714246 -5435673.589
893.6815861 407.5859267 425.4656944 127.0076177 2959706.49
868.5585399 445.9770318 446.0552384 136.3879853 -4778453.688
876.4122965 473.203219 439.0890552 141.625919 -7285897.039
936.1012584 468.4463993 389.0037629 142.9231536 7383458.357
932.8908278 422.48752 392.3216417 132.32948 4161009.659
52.13605522 392.9411385 433.1152767 109.7844762 1760257.353
58.9704765 403.2065438 434.3237573 111.391122 -2382163.774
988.3423142 380.089301 597.0004689 91.39038733 1727259.643
42.22491984 462.0506919 608.7003921 118.9387215 1690911.143
39.40849498 493.6881364 612.2091192 134.9206864 4085324.18
39.3896085 544.5728311 534.6920986 138.6993121 -4764842.395
18.3988182 547.7296591 541.6115463 135.8511402 -4068558.788
34.60346275 541.1198082 558.9321193 139.4047337 4456809.722
708.2825922 121.9011032 76.66727332 99.15586115 -1058479.929
828.8421495 143.34755 566.1615155 58.88615097 144211.9669
781.1742047 395.6957723 493.8581852 115.1961109 -422849.3497
746.2396025 384.3925263 508.9996196 129.3777921 1930451.297
746.2673111 384.1690418 510.856504 128.7490965 -1566943.839
743.6527411 380.8968026 510.9511066 129.4037201 593707.2936
909.4231122 262.2433421 367.8088502 128.0243032 2420005.938
688.0924467 372.1203484 92.69944763 158.3917103 -1882988.804
86.25948341 344.3539421 420.5413903 119.7598917 -4126731.191
87.00634698 343.5677426 427.2910629 118.1649738 -2417718.096
80.35426174 357.5325675 425.5995796 116.4336782 -1133082.005
581.9331316 166.364065 223.7731148 106.7262903 -989014.8372
726.8143026 364.9138738 512.4997165 132.1654235 3724849.423
56.99743515 532.2377682 508.5698326 134.9496394 -6226039.349
909.8941456 491.6767458 531.8352296 104.6214603 15936.3774
856.4139302 90.84345767 535.7466149 88.90466306 -141913.6858
905.9803578 426.1035803 598.7646276 114.5846769 -3298673.905
80.99834164 486.8421027 544.9414905 122.512875 -1045146.179
46.52781698 509.3830252 600.1280375 139.3586635 4930967.278
903.1628963 516.392832 477.5210516 131.3267142 1106543.203
900.212468 507.1875844 458.2554317 133.5098849 1924261.534
14.11679918 486.0051491 412.2084123 126.0011955 5074298.017
893.9619735 504.7389033 460.2860307 135.1107217 -3113201.966
896.2885258 122.5181434 481.1710132 101.440985 -2405009.884
912.7362193 99.24081999 491.7401339 98.51510771 1817292.804
17.34170306 78.05756046 532.6946617 109.0818203 2018126.669
22.92304003 136.5381306 542.8861997 75.6609198 -330546.8508
19.47832488 128.1207877 523.0768123 81.43339377 771785.1968
953.9053463 188.2454259 487.7054119 71.12948206 -466570.9905
896.35707 122.8041892 481.1357543 101.3125574 -533530.7417
896.0382462 122.5380338 481.4036493 101.4059587 603325.8702
875.567838 110.953639 515.9796791 101.3617725 -570173.1627
872.4844258 123.147222 496.7218774 98.94314275 1488043.977
903.0805759 306.7716658 344.0201118 138.8569486 1160125.684
635.3974421 411.4339382 436.2462818 69.9691232 -301794.8595
30.13206765 64.75040102 555.1050294 112.6248739 -1098829.23
34.23037536 58.76185422 551.8960949 114.6012017 -2625517.789
37.05251536 45.29778784 562.8131744 114.3435575 780979.8411
5.206570625 976.203645 619.2083755 113.7038932 -2729841.318
8.249593888 968.8185311 612.4849537 115.6927285 -3238549.43
16.64004569 967.4716616 598.3792958 116.5805707 -3999761.22
36.7535621 20.06992651 577.5787625 114.2608831 -883100.6294
37.78749386 25.88707135 573.6778192 114.4850522 480028.9098
940.0737213 8.528273949 458.105326 99.63299303 -718357.0983
955.1181336 38.33318853 451.2215479 109.13904 -2807655.784
972.7679282 44.78795841 469.078101 100.5678956 357622.9713
22.03182687 71.01468332 527.8804192 111.0357753 3152516.162
820.6469598 423.6479743 450.0150008 128.6602298 2064027.389
935.2478817 32.92064658 745.3969301 106.977724 -1528540.243
867.3981278 193.0748938 794.9594404 100.7409608 -1421579.569
987.7329468 237.1708535 814.4565052 120.2803146 -4719116.984
954.3538464 200.6078461 652.8379497 105.1636 1744973.232
5.378290045 266.5806365 333.7738 140.5056224 -5730963.127
709.1392746 160.1921751 572.899104 83.02979683 -458786.1326
942.8763395 186.1009822 659.8743658 108.3299489 -2047203.699
908.1563498 994.2676509 658.6521184 109.1599668 -2892637.398
872.5713553 101.4245284 521.7909629 98.25638483 -766924.2062
38.26995727 178.6300583 816.8336516 110.0859027 2836138.262
998.8703419 198.5328415 591.8494257 68.61789067 352227.9173
935.6799962 191.1527433 683.7373374 114.2371339 -3035778.384
935.3350608 187.5015656 679.5282751 113.4940395 -2513049.679
952.9951649 261.0480694 510.3295497 79.08136843 1144619.015
18.16186218 210.6421757 792.2178382 112.3012628 -3477044.866
9.282785619 199.3078238 767.6355823 101.8491342 1299547.476
537.25142 301.6239798 409.3899515 106.4058358 1270617.709
544.9918657 328.0209688 372.6706938 102.6083881 1234049.351
888.4439545 394.1541929 421.8371857 122.8119578 2073608.992
897.7606554 191.648474 682.0968678 97.48523659 -140383.2137
549.357839 304.2836651 666.7994491 92.61238413 -824821.6324
524.4293926 76.77869516 356.2305011 112.9596642 -1873524.285
863.2848981 133.3645466 529.9063102 84.5218073 -452543.4738
606.6632365 215.418718 235.3602725 112.8395368 397045.6498
875.5363358 110.658522 516.411058 101.3768855 776231.8541
691.4376379 279.6475215 567.869242 131.2742788 705114.7306
580.3251704 170.5791786 220.381062 108.6655427 -2787771.398
698.7007271 269.754048 604.2856433 118.4835495 553988.6369
682.4476098 266.8050112 643.3057088 97.72112947 1189393.108
482.7310618 151.6328579 629.3358066 93.69689351 1324827.608
927.5376097 96.76054657 589.322259 79.63461814 1471770.925
943.5278301 182.8676146 659.1820562 106.9654205 1148800.12
24.68850804 101.5684422 572.2283547 96.29186511 -479342.1791
897.4419193 231.9136082 728.2741547 121.7992625 4598178.115
837.8193064 205.1962539 694.1478833 102.9660497 1491744.942
954.376105 201.4732604 653.9754681 105.2087548 -1604426.668
878.3160966 106.4376889 518.4830551 100.8192919 1938620.052
630.836522 160.3696618 772.4854438 136.4918996 -3727527.7
636.3938486 149.5185501 773.0646535 136.472331 -279071.8385
438.8330622 149.4553495 692.5053159 101.0859231 -1252477.136
616.3479503 924.8316717 510.3369771 125.1165446 -2289792.066
670.613031 259.3782198 526.4506462 139.1880306 -3547382.678
684.5004317 33.35319911 551.7471801 99.69013815 559714.7476
536.8209317 226.612341 763.2441807 137.6127087 3909855.128
577.2526474 199.5467081 526.3105529 115.9383968 2792103.935
616.2769533 215.5363275 526.8375636 113.8801341 -912566.8245
440.1151939 150.425003 689.6265173 101.680197 1590659.647
439.8930486 156.7154475 700.7752772 101.8790805 -433450.1169
476.4634651 995.896172 789.9490936 123.7653978 1186233.579
456.6393623 144.0199226 782.2400768 94.45062569 -1771087.984
525.8702218 202.0342881 717.7970077 107.7183906 -824942.6828
582.3660857 194.1410317 754.0781007 121.7434354 -722177.6138
519.34608 179.4642945 632.6539126 88.29299655 1256178.839
716.7126394 907.705987 419.3128854 114.4691272 3598745.805
39.70882707 24.45113146 575.2625794 115.1908183 -1123298.402
911.7219543 519.5622281 503.1784612 123.8075409 2135870.018
43.54710061 30.37994654 573.6437079 115.7697398 3259963.555
724.0858854 49.15172064 569.4606443 106.8806306 1392544.023
765.3666972 55.11582406 668.0996 133.8091852 2004010.048
751.9920378 66.94852093 670.5931541 138.6600152 4309428.98
827.783459 186.2563517 684.8806108 94.80363991 -765099.844
536.471316 115.7946436 419.5564648 119.4687918 -3416306.24
741.7420026 305.4616964 762.7836152 81.2093094 814008.318
658.9700565 174.4798774 797.3910404 130.6499643 -3279635.007
720.2725689 138.1214481 802.9571814 126.6667481 2849142.444
713.8424301 153.2659791 829.3087735 112.2209698 -801975.2349
816.4724481 257.6152847 877.0223007 78.96931148 -1066351.312
814.483805 276.7337043 851.251732 66.67635408 563311.9361
834.7742853 216.5785255 760.6330223 111.0094303 -1289630.842
836.8115893 191.7802825 800.6930051 107.6804312 2677539.005
832.1661195 201.0921871 833.1294374 95.31479924 -1128039.941
808.2584785 162.3064315 811.7897299 109.7785546 1319640.301
782.5387873 145.7510531 806.6090579 116.6477867 1149093.32
763.6709849 137.9244407 796.2508436 123.6062556 3120098.433
829.6072921 217.8399381 752.6260087 112.0405284 2055502.893
494.4130694 159.2633371 904.6155012 96.12966739 -255388.7022
490.4489766 136.3937328 917.4365428 96.78358666 -528258.7397
499.5277269 77.22294865 961.780092 117.7713879 3369284.772
481.681662 73.98764691 987.177312 123.8885643 -4898969.025
414.2484626 191.9765497 960.5365762 121.0323557 2399088.88
411.4221166 171.9289513 982.9527941 121.5643864 2520968.1
497.0056398 182.5078006 65.47358772 84.54571927 -1521534.626
543.8304178 227.6769262 60.35935062 83.22705153 -1267908.343
522.4253262 253.1196029 3.870088004 68.28487151 -843198.8184
417.1287313 194.3498904 960.739014 118.3058281 -417167.9603
416.3238518 191.9960582 957.9189302 119.6613077 896218.9186
481.1033893 165.1457024 902.0689402 102.7389568 1884327.999
492.0925298 166.7284419 900.619934 98.71872341 935853.1568
857.830557 81.04597596 944.5781846 97.37698015 -190567.4416
859.7228588 70.25402366 944.6620947 102.5710904 1912920.736
860.4329748 69.7250772 942.2569499 102.7549836 1613342.19
857.2357404 50.14928702 912.3272302 105.7272591 3090759.271
822.0874241 82.39610722 825.556502 108.0756969 -2722141.988
533.9474171 286.2068779 727.6085009 122.367457 -1912004.735
801.3274389 144.6589017 816.615852 110.9525926 1700654.737
585.3769151 138.4497373 220.5890591 99.30465907 -461046.8531
765.7022498 265.9008012 895.7277727 70.19684701 -784477.5429
736.3303026 15.7485207 873.2700102 106.460657 -2130894.95
676.1372302 202.9101522 873.91617 107.2249745 -1687364.457
24.01721821 114.5342359 583.4192397 90.88802194 518176.3267
873.4062208 951.6899322 596.2115459 98.37722728 131527.1279
25.93779288 111.0326636 576.2806245 92.35212461 650882.5354
872.9899888 101.4612435 521.7331107 98.35080503 745559.5448
856.8856345 947.9361094 625.2504295 124.2499482 1954529.632
48.15838519 137.1083245 813.311604 105.5202083 -1262991.644
19.18581578 35.18470432 883.2820297 112.3971573 3725831.887
13.44955047 37.0354372 816.1425748 108.1267981 -3015039.239
48.18795928 136.2410977 813.5204675 105.3241903 -1041546.555
19.26489539 35.37930126 883.3918344 112.3330092 2389188.261
12.41086029 42.46706829 890.9976548 105.6527613 -610624.7963
969.1746941 9.452563651 883.4164449 115.2875948 236900.647
960.0312153 4.872590615 881.6985052 118.1340393 -762080.0673
933.5463644 8.958535371 875.8938135 113.7947199 645660.2563
946.1683462 998.5726342 870.0885822 121.5939685 4983326.042
942.8329232 5.010644966 808.7727514 121.1976292 -2466044.45
945.6779309 2.074857953 817.5855194 121.1026066 2056675.866
937.5223752 989.8287413 471.6833395 91.45219184 632686.2189
867.3887178 944.2228448 628.8470064 123.3833939 3401053.32
876.429724 30.55338779 653.9504391 110.1133757 2688417.284
776.1137387 413.1423311 176.4787817 118.2783466 -2676969.059
780.1911128 156.0157671 104.1133622 116.3215802 -4401678.42
662.2835934 189.7347282 838.6272279 115.8378629 -618669.4328
733.8514782 297.9067293 758.9367406 81.9353703 -905094.5822
741.2029295 243.5915086 196.9512712 119.322455 1901842.373
886.6076925 324.8057844 768.8520579 79.7340798 -359771.6671
531.4162256 239.9205375 758.3818481 136.0741554 1888909.766
531.873731 301.0722079 663.0758732 98.61004947 1673732.889
784.9662057 198.8813832 145.2605513 116.0790075 2696365.852
768.7837826 212.8981691 173.491404 116.1628404 1485872.942
761.0027838 229.2027358 203.3837285 119.0664513 -3369483.422
963.3342168 940.9617509 550.8296339 92.42375292 -428668.841
940.5263997 932.9830967 601.0316966 103.8703535 1903176.674
860.0005117 481.3313328 791.0043661 117.3660352 -2117460.49
18.71160729 381.3061724 741.5395127 72.79642165 -527046.9395
873.1355244 233.6975042 927.9333203 104.1422302 1903350.77
990.2331861 352.6058203 832.6232942 71.73272558 -245727.4217
748.0293685 306.1413745 40.16441333 129.0183292 -3342150.193
919.9108556 468.0595864 928.0221307 134.5289531 2801717.326
818.2365449 459.6975295 44.29527918 81.69455259 -1023755.696
698.5544851 428.0057369 39.63567254 137.1457987 1717425.094
685.8759788 383.805483 52.32063464 151.2753857 5972022.894
665.7799801 355.0242206 161.0320966 154.5293542 6343094.157
3.906905752 95.35829745 973.3272762 81.21830223 -725206.7284
717.3142546 456.3973868 58.29283115 138.4000772 -3797691.186
714.5142457 456.6880396 50.92881736 137.2688387 -2330860.887
938.1762793 431.4883279 762.396111 54.35660253 -62423.97592
967.3112739 419.9718656 738.1384271 57.16709518 36959.18024
784.828904 201.4985652 145.9476342 115.9157329 2915553.485
986.2974486 275.6561476 925.3872182 139.1709442 5971540.744
989.3080962 287.1459793 879.1127634 117.9681117 -1939152.578
660.395948 214.2426795 857.0456153 108.7759066 976559.2981
827.0795536 481.3476973 228.2984544 113.6352751 -879469.4273
818.4187331 259.6994864 321.2557826 132.6579036 -6207273.467
618.6574721 253.3789054 866.1762882 106.2529355 376492.4976
612.3332717 350.9926922 881.3024577 107.8385867 -481168.1606
591.5796521 335.276878 888.9213237 119.8605948 -4016070.239
743.3318245 395.1131099 762.3253368 110.0983993 1771446.931
839.2096408 426.4386194 762.0668575 117.1794624 2576429.747
836.6730076 417.5730718 731.5702774 122.3273229 1006015.139
833.5325551 413.9617802 721.7665391 124.6808935 -3553049.582
740.3268668 392.8519498 757.4776096 112.2037458 -2726002.344
571.4596253 189.8226471 522.2483582 115.2087035 -2822003.438
736.3376945 387.5227921 759.3011172 110.7819865 1768467.049
59.41345514 423.8996138 751.9059472 92.405618 -250310.2883
855.0702367 498.1999332 807.7486598 112.624146 1411803.132
756.1025541 533.5237413 844.6460706 97.31975364 -1300097.678
717.7358856 528.2044072 856.3012112 105.5704033 -1755540.425
721.9349458 517.1620957 840.1654696 95.78246792 778554.5364
757.5070634 531.9782428 841.9947903 95.9885739 -641488.0888
849.5674552 496.4275562 802.1868767 110.5042593 -888479.6271
869.4391314 74.59410557 987.094397 95.72855809 -782948.3036
994.9907303 145.7774912 90.09472656 73.9756567 -233217.7656
695.1944896 397.9668773 918.9466403 98.09118967 -2428341.211
714.7820117 381.8648909 877.9172108 84.41176737 913815.8093
707.8044324 394.145089 905.1342223 92.42692524 1045361.493
725.6781546 385.0783128 904.5727997 85.66737031 -682890.3852
637.3182374 443.1048881 664.3274012 90.77108236 244761.8077
739.3265696 119.8960738 105.7372538 111.7685758 -1712638.144
664.0546229 418.1874052 730.9488812 103.6420602 708730.0056
636.2826223 440.2377173 676.4744988 93.75387274 -203193.5042
643.1425411 435.623332 726.5420044 109.4467642 -2241576.856
917.9390716 342.4084595 825.4894341 71.08508495 284971.9868
843.2188309 433.1238388 765.2961789 116.3428696 -945449.9033
719.5502413 379.2468177 877.1518482 82.82614648 635256.3211
708.9354926 528.2610211 891.656266 115.3679887 -1409321.38
595.0358427 443.6430323 518.5242823 91.20529268 1813791.563
943.6977639 475.3101228 390.7764202 141.5836627 5200729.985
906.1385349 270.2850483 485.1205296 88.62047873 1595424.719
773.1261325 990.3772791 479.2458675 93.14668202 772477.3723
628.0731505 174.2545646 736.8870714 118.2134426 -1803722.718
534.9003458 166.3043722 604.7653992 90.83836155 1163584.85
925.8704465 226.6724149 438.8542937 107.1455626 2812892.54
911.5106426 239.5005135 445.4445641 103.4746465 2052792.248
848.6124585 162.3416123 522.8130935 76.12060408 -286516.1834
501.5930759 504.0855919 614.7652777 87.56812806 393518.1835
475.8222693 416.0789942 569.0823787 94.08751315 -2199125.558
958.8920452 234.0085345 638.8554329 91.65557462 -1069493.723
699.9231735 293.2217442 535.6259755 141.6447244 -5191118.635
705.4458966 295.6811379 532.4071918 140.8692353 -1986464.696
712.0431071 289.2713148 491.3661936 118.1683671 -308942.1305
808.0767401 18.05343924 630.1179564 126.5945151 4737572.536
586.537462 517.3714213 595.1540759 98.68353745 -1427907.853
904.4267537 517.7036016 480.2523703 130.7928535 -1903470.343
740.5027969 465.6287516 566.7831946 72.32338991 -314659.5633
894.9734597 268.3059003 548.0056884 67.81092474 -715744.2741
904.627395 425.8962781 599.7344289 114.6439211 -1635771.986
51.44049546 522.0067088 664.849059 145.1212035 -629255.5758
54.18134231 522.1114285 662.1549553 147.0519838 -6157283.317
78.7777596 465.8104109 708.8737863 124.339669 -2031143.453
74.31059264 478.7327597 701.3371894 127.054342 893393.2129
39.92691156 520.2636409 677.9069296 136.6314755 -2538980.375
26.67962207 517.2017928 680.2580316 128.040747 436964.6078
886.6296978 467.5582626 715.4242396 116.2660332 -535549.5493
902.7123442 426.2395821 602.5805571 113.8384172 -301830.3508
884.1238038 424.4656048 626.7435112 111.907097 638294.5215
872.8957965 404.8844976 628.7852078 117.8663222 741076.0504
912.7080513 520.2164645 503.4126365 123.7507613 604761.2429
908.3855183 224.4685217 739.0751675 118.1267348 2883886.079
983.2980206 22.49990518 802.5430977 112.0072636 -654800.1975
618.6447797 267.8047524 951.6116088 105.4179434 -2020197.136
692.5050983 274.6301125 646.172244 96.83878516 1028564.61
247.5157333 289.2482049 613.6030228 59.16189256 220821.5832
465.0513555 300.3973295 139.9955236 103.3447138 -1344144.752
108.0468718 283.1044291 558.7571366 99.17930654 1531732.836
886.1099053 46.64825516 801.9947381 98.81625515 -1093009.117
247.0977329 549.2706702 779.8161483 126.8417905 -1724927.914
840.5281338 417.6413853 693.6226703 126.8772209 2334671.672
633.9420135 125.9631942 420.3889159 96.50941532 -1323513.08
865.8970492 460.6768407 720.5751161 125.1865513 -3406406.314
631.942463 450.3593052 671.2645131 95.52003219 -1329171.216
585.5626845 370.2613232 640.7789754 55.26114457 -365448.3189
674.5330586 402.074126 737.0362916 101.9808561 1248159.956
585.7516498 340.6924495 736.7641681 87.25164065 321606.6665
890.4456946 267.2132082 497.6616634 80.95100527 -362279.2538
687.6496373 258.5999158 468.6946252 111.0295663 370813.4546
667.9491025 260.9635863 526.2756438 138.2306272 -1305754.458
960.4750782 597.5192186 538.8647899 116.3330528 -3384654.158
13.4713895 347.818914 717.684051 71.58311069 658920.1071
753.8582407 371.9296588 816.3091574 81.69700509 919147.6688
809.590847 538.1316482 673.6205602 87.75575685 -915082.5896
758.5606914 419.7344346 448.4389764 141.5586958 6779167.249
586.9871501 490.2815013 578.3507541 84.6676088 -506844.5681
573.0125793 449.3508384 674.2592606 56.73642737 -186447.2933
608.7511051 592.0267749 541.8478066 136.8559793 159463.6528
788.2945037 397.9312985 673.4011417 89.60639886 170073.6732
648.3084027 536.2774363 649.8810371 108.7067084 -2401350.007
639.501104 550.5372895 637.9179666 111.4847792 1977316.784
661.8277104 586.1234102 570.9350633 115.3558397 -1797039.162
636.0940055 599.4991823 545.4391662 133.8772267 -4521047.723
614.8084294 598.7187174 546.7138194 139.6529786 1848436.236
608.268235 597.8694901 548.2561434 141.3363721 -6684947.903
607.5446029 597.0757487 549.7480746 140.7638595 856704.9632
595.4927582 576.0325821 589.3678786 130.0380071 3903957.742
540.3391845 372.9821543 624.8780708 59.10659248 -119957.4385
808.1896418 542.8251066 882.0601744 111.9255366 788258.5976
603.7993323 469.294533 495.4049183 95.14867194 1771525.364
992.8485996 403.3335672 75.06654332 121.1110111 -2454590.16
872.7398639 492.6822047 799.0454672 113.5728228 784347.2428
926.0112998 519.8376127 729.3600333 98.32070463 1447019.038
921.3081249 643.385123 748.5689825 92.15795907 -932917.1565
494.1095951 973.1083644 790.1270833 138.8701849 1593048.826
730.8963833 394.4147518 749.4654861 111.7223286 -1402772.158
710.2094666 366.0338195 732.3170045 94.11588588 -770047.8789
34.23357021 182.0959556 819.9278176 108.9924319 439923.8935
674.174107 81.42288486 448.8440538 70.35414555 -432438.0518
599.601881 607.375769 549.4154341 140.7387189 4658273.923
642.0067455 745.0256581 688.7916194 96.59675526 758882.6479
632.4537522 727.3096443 698.6967231 87.5346851 -570121.1391
665.7957071 704.682347 708.1354963 66.82365241 180101.9976
653.2279891 754.7443778 682.9360144 102.2271075 901595.263
760.3456858 688.8014721 647.0815068 99.90261152 -1518746.917
647.0286854 552.178688 686.1683863 107.8822846 -1935154.366
923.9572741 528.243036 502.0808651 124.765279 2685694.637
774.9316702 546.9450989 454.6737743 132.6089066 1233922.722
759.1115393 688.675763 638.1900907 100.523803 1728653.983
661.4070645 690.2577892 550.7489763 117.5750969 -3327526.428
573.6686416 294.9442992 349.0917212 105.4759248 355418.1041
642.0641695 680.0930605 863.3839969 101.2147751 -622740.3319
531.6972173 677.9897659 773.9494209 118.2268403 -784216.3589
552.570591 676.2556355 796.4576315 102.4204183 208726.6722
535.4768461 562.0847683 859.2379711 44.99291449 107662.4089
512.8230289 611.8720247 768.6261383 100.8946205 -115333.4771
601.8265074 611.9598787 548.5335008 138.8916463 -1340755.49
642.0774286 701.4133726 552.8079958 121.9614386 -3486621.159
668.5141708 560.3345737 844.7514179 103.8003767 413943.046
671.8283861 544.4318197 874.2181956 115.0591432 524822.5256
665.9513123 539.4583875 884.357531 114.6834229 615532.1448
671.9947686 543.1587201 886.8443368 119.063716 -3491806.676
671.372152 545.7725615 890.0828138 118.5845319 2487400.548
780.9826642 521.0104674 674.7243209 82.52813154 -988109.7448
583.3680842 585.3775633 591.4370658 130.7840484 3299483.542
716.5459548 653.8749394 787.6403754 73.62671709 399955.3357
649.0914974 645.6414812 857.3160335 97.55563208 -1432776.728
629.5808802 674.8787766 866.3253105 105.3610182 2002520.972
659.7049376 670.9110882 857.2742794 94.96242721 680614.8924
592.2611128 442.360198 762.9158231 104.4431155 -596544.9865
623.6064905 500.4823311 870.8942046 87.21432152 276824.7441
617.2944183 358.0795437 876.6170596 104.6010048 -928236.0239
985.145605 258.7768037 917.8577601 135.6863215 -4078329.177
969.1616418 284.6875756 794.5932937 99.41462547 -1671227.988
559.6606359 351.4240377 865.9617497 126.5438456 3615074.843
546.5029147 384.1790709 834.049829 134.2148521 1685682.74
532.5271737 415.9936066 823.8927038 139.1852376 -2736713.713
524.5494656 431.1285416 842.2220544 127.6225214 -1487769.194
602.1144417 492.3213464 871.5325364 80.95860329 118195.6708
973.8836007 603.1682243 578.3404658 101.9509029 361635.6384
840.8191075 609.6764475 794.6714502 44.67392426 46821.58899
803.7058554 624.8411233 834.9210752 60.94116577 179228.9616
824.2872048 596.4326722 866.7189134 87.33386929 -721077.4457
921.6673823 512.9433521 723.0282037 100.4528881 -1328684.61
887.4611821 544.853479 690.3172211 69.43137807 -159787.4325
955.6479281 607.791064 552.4819034 110.679595 -1223369.145
944.7529595 616.6812856 569.6211704 102.6412552 1142108.685
747.1102509 576.1562422 85.97333108 125.5725489 -1082061.805
750.4348412 626.0172529 74.5120836 144.438113 -2144994.767
767.129102 604.5966748 90.63843994 133.3108981 -3744605.365
852.3453375 580.2539804 71.55345326 97.9898178 1748332.14
837.8103717 646.8320078 938.1491477 128.194924 4113613.657
903.658911 690.7064705 895.7161248 113.2653138 -1131140.179
839.8349 654.7679808 929.2819436 125.2135459 -2352049.061
818.8536336 404.964438 660.8629653 108.3528823 -598861.1552
614.6033666 419.8254195 28.88593132 96.12602124 312232.0261
514.3430037 446.1382149 900.3888767 102.2856291 -483130.1837
524.5785647 419.4602369 934.7621876 89.08710343 635546.1789
546.7367539 368.5092334 954.9317798 100.4095931 2255233.078
554.2663523 354.1956531 937.8614801 105.7823771 2154139.904
880.9527695 450.3987617 885.3152991 110.8820741 989996.7123
632.4680602 920.9883452 514.7112398 121.9083751 2280766.857
10.71683421 542.0785217 730.5855183 103.8212507 154832.8103
9.751406253 543.7924372 720.0448885 110.6734181 1866774.921
970.3598987 688.9243008 754.0913372 125.4754126 -1084838.516
970.1596898 688.6163648 747.8112451 127.9074784 -2623834.107
54.90395093 523.684799 661.2845123 147.3851298 -1889520.967
946.3317427 676.4840707 749.666481 114.564983 -1362964.257
20.92001152 749.5187618 981.9051984 128.8135515 3311105.604
15.62332075 751.4751647 993.9881679 123.1689275 -986028.8103
978.0247851 721.9198901 68.5554585 118.2118023 2458041.95
856.3697064 762.4255384 89.8897461 105.3024717 -2117425.161
780.8308574 693.4202882 35.54924266 132.4342169 5178543.87
766.2012869 755.052653 969.7908735 128.3063743 4585696.714
782.7183655 796.8048229 959.884387 123.6727188 -3808293.409
799.1175057 805.97782 9.051396033 110.4160104 1960265.091
850.1251178 831.2790259 733.2758152 115.0661361 3605325.678
757.7361695 781.6239584 825.2485693 118.2291132 302906.814
757.5265491 777.9643556 827.5618482 117.6691883 -520496.3356
785.3621801 743.1903317 905.5294574 131.8427306 -1949934.394
758.2841011 747.9801529 851.1608919 118.692995 3577954.896
761.3138746 738.9167069 838.6790193 110.794237 900565.1605
761.6881587 738.2680689 838.1625167 110.271688 -551338.2197
777.9157478 716.861607 830.390445 95.10075193 -688444.9656
914.3341374 681.8645487 728.8239851 104.3734957 -568815.6618
915.9671611 714.4415443 694.5177735 120.3617591 -2751984.604
948.7132949 680.0952866 822.7875789 104.5599292 1460869.171
634.8067794 439.7422543 670.4850549 92.48739163 456955.5671
832.159622 16.49339823 631.4873763 120.3073376 2166683.918
818.5324839 983.4706939 936.2210819 95.06728835 2100819.192
754.9035482 813.3754467 803.7431361 127.335152 -2466337.221
673.6284709 718.8439838 873.6231223 100.07253 1249251.7
592.2268343 729.1250191 972.2052102 137.654509 -5106146.529
595.560247 715.9090467 912.5339264 126.8620391 -4077857.294
579.3664506 775.5005383 885.3424866 104.3885008 1338792.184
557.5409325 856.4269756 890.6867555 124.8573059 -3976703.557
567.5762193 877.9346595 877.0210896 126.9326142 1298511.259
596.9011864 919.2986432 841.1887818 144.0699736 -6656460.297
654.1055415 865.6431042 796.9351725 119.0660533 -1878580.096
714.0712658 837.3194612 784.9583276 126.1005292 -2362804.249
720.4392138 830.9869827 785.6339376 126.6453052 1813971.122
738.2141954 820.6378008 793.8755189 126.0717441 -1017390.686
737.5067781 71.74234418 16.96257599 61.83415474 521906.8685
962.1600684 882.0383002 925.0882979 132.1201411 -2494514.447
707.5938117 723.2583308 870.3361227 102.3575724 -1297871.232
918.1065186 914.4767679 889.6237404 117.410411 -2306393.139
14.11303303 138.8467507 606.2892086 83.73814088 -778696.1879
972.4194805 691.7574974 745.4921763 129.5405576 -6150703.347
630.3785424 923.5446455 906.4616939 117.6058903 -200267.3934
492.6830187 933.1294808 813.3485179 159.7834716 8196223.503
487.7770315 935.2489315 816.7272284 157.6341045 4972081.539
580.126451 41.5109284 933.3183987 92.79291731 779255.3861
591.6578626 978.776596 835.1472197 140.4178955 -4461512.598
570.533444 24.63956818 885.2398554 103.9408413 -1046321.504
441.708039 7.593549862 941.1252386 106.1432458 -2182345.25
448.8177617 40.86724626 986.6733219 117.9502462 4182072.39
473.7654887 67.39653026 989.4695636 122.4925144 -2109436.378
748.8507739 116.9705737 362.1791057 119.5343237 -1330479.568
503.0752778 64.66216109 933.7514493 108.88504 1817791.709
472.3934923 992.0449351 860.7134985 124.09149 -2248494.065
487.6728374 952.9945064 818.3266419 153.7391215 4167637.895
499.4817942 946.19141 810.0470701 159.0954752 5120281.946
497.3513052 936.6400573 810.6105494 160.4972056 5707038.112
521.1385418 944.5888637 806.249426 159.4435731 2994522.004
563.8970069 949.6245355 807.3377351 159.4121844 -8439344.503
584.205756 903.4063801 715.3353124 132.7547701 3453688.805
495.6318269 749.3832763 803.4269639 80.84242087 -284408.7837
604.2878615 692.0273575 891.4455851 115.6067682 1208101.724
574.1440547 730.0635859 727.4246305 84.69943096 -540848.9841
481.2897915 719.3172685 731.6139128 120.1538315 1435797.831
497.4026772 682.7811013 756.3147701 129.56486 2772006.97
500.3746952 686.1227625 768.8963752 123.135771 -1001364.486
587.1736949 628.9403238 968.5689276 117.7864141 -2297995.924
576.8485885 97.10405911 993.318176 100.8372364 -592322.1992
562.337563 745.4730416 865.7009161 94.16426918 -395889.0866
507.4316398 785.8679172 837.4385594 76.38088449 -378299.0967
510.7936296 878.1947487 863.3974498 127.8120546 -2113965.65
970.9989044 934.5042379 567.006954 102.1620389 2576361.256
646.1147345 928.9210328 105.0740615 123.2470112 782362.3916
616.9312884 917.1865264 93.24189572 125.2357165 -2775989.874
584.7694562 941.9317461 40.66586982 93.94072183 -25928.9483
590.5030492 918.6759089 63.7923246 115.7278938 1774248.116
613.2905012 922.396378 98.45285563 127.3173402 4392382.748
13.5414635 645.1838064 894.2473332 107.7011887 -1798649.444
40.63896801 871.932638 236.638273 123.9260903 127056.2397
85.19487665 923.7413468 208.2110763 114.0526344 806775.6119
97.63350529 936.8836607 204.8271389 115.7858045 -3287267.747
102.0153457 932.3479634 201.120003 113.8731398 1880293.224
182.205021 888.8782627 195.4035502 92.97768364 1909385.437
197.1212612 893.7099442 214.6387354 82.58613948 648249.5827
382.6314381 961.8530263 409.6006447 99.42935676 1990403.071
294.3681198 836.5523376 355.3122528 134.9139968 1654571.262
85.03357111 956.504445 956.8996716 107.1615763 1857399.659
23.73384086 37.9345015 83.77456378 95.23560451 756699.3902
109.1691865 942.8343211 223.1820094 102.1954615 411543.8296
983.5904987 653.5539109 859.8958681 99.93587267 -627935.7509
499.5535294 909.3386451 222.5635781 144.4157889 2961204.425
593.1661529 598.1705797 564.5700316 135.9537146 665518.9288
654.901022 756.6823914 637.3437464 105.1017898 -1091952.226
465.1632163 852.6763886 723.2033009 128.9897022 -3708224.652
709.6340397 837.3834048 748.7413204 130.6196373 -870424.9916
689.5552424 844.3065758 705.9929135 144.5196254 -1857231.712
684.7156572 840.9247094 699.6107751 144.2254972 -1713043.072
596.4998269 930.0045578 92.0796188 124.8641855 4019226.105
925.1834877 817.7614322 885.8900011 130.1192549 4380629.63
896.1994446 443.3010755 908.6864721 118.4236956 1373823.463
961.9811226 668.9110332 927.7713467 124.2727169 3793896.05
944.7068881 838.6669658 903.7062466 135.7141173 -3129035.925
818.1387916 707.7987379 906.9114132 120.3496713 1744491.65
902.712167 829.4448769 888.4479479 130.9962329 -3635246.61
952.1943933 993.8021018 13.9721896 60.33013083 402483.1675
766.5564117 734.1695957 9.388369383 128.0876206 -2808033.354
996.1497402 682.0235176 18.64576992 126.6301683 4450401.244
782.8273169 868.0521832 878.2238581 123.120592 1501916.805
806.7156127 799.9750066 903.6106654 132.9335727 5394459.246
867.7431763 890.1396919 712.9267752 96.84986887 575190.4621
848.9101731 884.282264 672.6192194 118.7027464 1345054.365
661.7773162 857.6456446 715.5346117 137.963154 2041875.718
682.2030181 30.14966828 932.9870956 77.17951983 -325454.8888
439.3578294 481.4798244 696.5925458 83.28229139 -805597.515
561.2623249 951.9018988 791.1248566 160.094189 -9358561.317
754.6194149 633.8612212 721.6508945 81.62834314 1485791.357
769.4809278 659.3958652 743.6427047 66.02381517 -186238.2863
972.562751 886.4874959 933.8938974 130.381322 -3395835.171
898.6090413 810.3917706 700.4755846 116.8208222 -2188241.239
945.7225298 823.2206815 717.1520114 88.61314785 -438948.6986
976.0610672 787.0923946 767.7652011 107.5693068 1273101.083
921.1964708 908.6793698 21.41963063 87.55964953 -786383.8432
820.3366916 814.5458762 31.38686608 104.822824 -1985983.94
922.1088231 474.4528916 921.2143078 133.7345052 -1765748.491
962.533274 851.5630907 908.0070239 137.4871179 -5032880.661
656.3424993 932.3798698 106.74818 122.8489461 2029482.989
926.2060194 696.1054468 892.236038 117.9623007 -4559723.479
767.4129113 686.807745 651.2516518 99.31079046 1338305.987
937.2771271 841.7394307 904.04195 134.8894633 2444619.071
728.7448722 909.0088176 950.0774711 118.7273821 3614813.702
741.6202264 919.5763824 909.7518609 124.723012 -4440362.541
34.91050229 801.0447676 768.3241343 102.0401683 -635524.1882
850.2403143 918.3598947 426.3854375 85.33569851 824670.1467
928.3382366 310.3593444 312.6499486 147.6800641 -6338580.597
36.23489213 774.6276258 394.3332984 129.8952349 -1044229.499
25.11743335 772.864519 410.7681008 112.598647 94496.76135
945.7099519 826.2508561 538.5578681 75.53928415 66581.96193
942.2553526 833.3836557 544.8757321 83.26398895 -690884.692
929.8908183 827.4295339 545.0362693 81.06923234 79716.39162
725.9220832 892.1154263 408.0235594 113.1184954 -2629161.27
768.1324464 807.7949086 408.86488 84.86757625 375506.8878
808.6608916 815.9811406 439.3453648 80.55197724 210741.4388
805.1606442 930.9306823 578.2413929 110.7438992 -231852.6046
843.5062363 749.5194689 363.3876981 108.6306494 -2551645.936
855.9438946 957.1827603 432.4967793 85.39998692 920151.1106
21.00137728 750.0975037 980.8375729 128.9819413 -5379144.307
906.3812367 107.552422 215.7486364 91.27708059 -1094644.437
86.38418468 486.5472679 528.1920937 123.7470846 3052645.167
765.1851313 701.9584075 812.3519962 84.14277676 342295.0168
825.8821478 824.1873636 741.1915162 110.9567773 1381147.954
981.8884274 654.0467054 925.1361759 123.7557289 3121998.892
970.6934906 932.7697784 183.1413155 117.1671222 -1606203.426
840.0637401 819.2815203 83.40844685 96.59679528 -757049.3037
989.3767339 648.5664762 914.8604229 119.659942 -1919886.91
45.50041903 483.4949313 843.5943646 91.9255708 -1330905.076
49.37215513 62.18147435 222.8852976 128.9236586 -1779021.9
977.1783516 762.0057231 153.299335 141.2648752 -6362980.471
987.5117292 783.46036 159.9805895 143.5517964 5752782.024
990.8098179 786.4009226 154.1490363 139.320469 1538189.56
985.4169684 820.9731381 160.7965925 137.9194864 -1269697.375
980.4871958 822.0552188 169.1115506 143.4346581 -4626328.121
967.8451469 838.4348499 168.0473597 138.9018421 -2129814.066
969.8579888 834.125579 171.0164447 141.9175002 5504222.677
975.978881 965.5884818 175.070636 114.9053582 2346158.459
924.6813519 831.0740755 155.6358565 118.9685261 -735829.4905
850.9721395 851.1578702 861.558901 127.9669352 1835532.393
851.4064686 851.0744829 862.4093647 128.2515691 -3469208.87
878.0487776 689.4499643 741.7973232 78.39951652 139974.427
633.0466653 884.3500358 714.8015304 135.712243 -2218604.737
952.7503465 332.2244525 983.1972816 145.7815999 -3541126.438
936.3263665 990.3180032 464.8951572 93.75514782 1317297.64
962.9395145 893.1958727 464.322423 90.44016977 414629.1328
837.3824003 868.9032043 456.4679285 85.71804926 522650.866
927.1038834 907.1197219 27.49127575 85.10036782 -234893.8824
968.8601568 884.4207487 90.2964036 92.83046868 -1352440.388
990.8487118 874.0029939 62.40947624 87.55893967 929036.2152
999.7880002 849.5943633 929.3755671 133.956279 -6050120.396
13.04433858 809.5298174 953.8307322 122.012599 -1261294.318
814.9054776 903.0807966 314.8832782 74.88704947 -513879.9844
843.5115989 859.1412542 246.4818915 65.37743912 329139.1865
885.8851388 854.060289 278.8883682 92.75217553 696841.3968
933.0898312 821.6097327 163.6528071 126.9632157 2045589.204
32.33235465 922.9100014 944.9856273 109.0405082 843503.6683
41.12171368 925.2795732 949.8278849 107.6305286 903289.8774
22.77961186 904.7536451 944.6008523 113.7678772 -465344.2486
793.1011245 833.8231288 177.4434789 75.73553639 -480315.6206
986.2228743 681.8213451 40.29349721 125.4337519 -4205633.217
967.2144688 2.832191751 779.332409 118.0359537 -1230908.364
770.9255067 944.2635965 38.93620318 102.6335076 -784062.0996
785.1670751 945.48051 430.3988946 114.2517775 1560155.223
961.6513696 2.33398229 769.137792 116.6634328 -664799.38
3.060140656 870.1634789 969.6578329 113.732007 -1099825.499
996.8595978 874.0091203 941.4728867 130.2737156 4285507.832
890.1859805 571.8547744 181.4939481 114.6115068 1880601.859
22.16453902 118.8420596 992.7642031 80.48433778 -1114816.695
905.2414255 476.0390721 131.859958 72.03234839 460558.6205
28.33032366 117.3573121 10.98036312 76.23573197 -453394.7238
982.8984972 349.5503788 4.513342946 144.650081 6238435.1
28.78155682 487.9905684 17.27809059 139.4236019 2744104.167
25.54671581 480.3237763 1.470343358 141.684326 3400639.787
57.75590234 425.265902 153.3090665 114.7561368 4556500.137
65.81367796 502.5366195 59.08423952 126.6100974 2203341.775
32.89058775 430.359324 221.3279333 107.2491246 -3269014.42
35.66381421 495.1004827 18.90371186 140.4652181 -3905375.429
1.798456659 822.9679198 346.3442918 140.45029 -2073520.503
9.560538932 849.9422841 252.9505559 142.5266519 -1556829.436
992.6082479 856.1394797 212.2445933 145.0572148 -1271500.965
23.50110494 731.5954937 227.0043192 136.0538465 2816542.381
25.49051414 714.4214145 306.0596898 140.4889796 -7611897.439
0.2434967871 692.3635632 322.7511615 134.2723975 4437626.551
961.3983255 234.421602 901.3900302 115.6067161 -444207.8421
767.5516128 730.4987357 12.83891883 128.12847 1646693.648
937.5338692 883.5583595 454.1699128 80.41846635 -35405.91098
15.33840688 733.3214618 199.3279986 140.0218154 2834444.379
16.21178252 732.0878086 202.6670678 139.357115 -1258394.015
30.64668928 98.84660582 326.6659194 135.0378864 2375256.069
920.0103207 683.8698323 344.0058879 109.7915877 -186605.5386
979.6429556 38.12874145 392.7818453 117.8800873 -2973547.436
921.124743 40.2645519 369.4597443 109.8648809 1173990.851
945.2666428 972.548227 182.5400088 109.1666077 1472294.157
21.66779345 131.8255915 127.2483547 91.79869195 936426.2863
353.1932868 597.1667615 973.6307584 139.8159956 5701563.738
18.55530335 139.6467158 127.9231205 90.21205519 1337984.835
40.12092434 100.468028 278.3889724 135.9051053 -1710105.1
761.8297335 649.3615086 442.1471578 111.3940066 -2259860.484
55.16305218 615.4973006 672.8896187 128.9955946 1363624.181
8.07631752 676.0335482 713.102262 120.9358676 -2299561.592
103.413994 682.8749314 691.2568522 144.046859 -1143751.125
968.8152924 744.2306916 367.93907 121.5957785 168400.4399
891.9521875 741.3240049 382.0891844 113.7333659 614572.9163
59.41488705 884.0723942 783.6785612 76.03977801 406967.5958
953.3211373 617.7707971 543.2786816 107.5328531 806403.801
984.6153374 757.5796378 492.311562 55.07846823 -349806.9015
907.6473824 748.0161143 638.2695283 110.2881626 1621704.767
882.7026641 695.8657222 621.7855794 118.0172631 -3917051.819
44.79652693 524.4390533 32.24134126 135.4744367 4385078.647
927.6378821 591.3004935 176.4896921 105.9049876 1751715.584
882.7617441 701.7073075 612.3171876 116.0882503 -2430292.37
724.4348297 433.6451555 391.7520637 120.77535 -2090361.038
800.9270233 574.7027957 597.4992444 82.59327414 853472.0166
726.797114 547.6111769 568.7324391 96.31532644 -1854806.755
552.249471 294.8407218 465.090624 105.4430052 1208380.422
985.9077158 345.4890094 531.2403223 75.68127182 -1150375.886
731.0618673 547.9295976 403.8086801 148.3195353 -2116901.003
893.4785344 736.6415167 382.2115271 114.7426568 -2993185.435
922.6575408 667.570691 552.0737842 92.64953277 1020846.022
713.2325892 755.9394332 516.0959011 62.84242795 -195333.8391
818.2225102 790.1426484 547.7072658 90.1646965 131171.2272
995.8415441 874.904249 434.7206658 99.94618642 -1615251.929
971.3546486 956.2489657 176.0120819 115.7470353 1901429.958
994.7485484 858.9302744 217.9729991 146.0987573 5548983.362
733.2203017 547.1548623 414.8334181 150.3387082 1238235.053
827.8428853 714.6433928 567.2823716 102.5922052 1859328.963
885.2034958 698.6148474 518.6703857 93.88888761 1553723.2
50.33752188 514.8961154 194.469635 94.45578192 1851275.032
656.9220766 665.5465334 286.4740923 126.6464927 1213362.459
656.8496378 669.4268891 285.6395401 126.9121897 1556384.985
657.1122467 669.925728 283.4123214 127.5236788 2041553.347
685.2420046 689.2904897 253.5525534 121.1400503 1782211.488
41.94411836 101.0145305 281.193387 137.1478357 -2430775.878
670.7272985 260.2169048 526.4110627 139.4749443 -5266671.338
605.4138674 544.8383645 481.5807392 113.8476 805825.1341
732.7107607 551.3160668 408.8394707 147.5345196 1046333.58
874.6676704 688.1703706 335.8803124 101.7906092 -1426661.056
543.4054042 550.3279298 415.2167721 108.1001211 3075836.324
678.9227294 695.2129862 151.6626635 124.772391 1945668.594
802.438397 656.2696235 477.7490119 87.27213618 -908370.789
513.1633904 565.7298964 180.5051383 128.3953517 -4344624.162
768.9840739 611.2404651 718.7854654 73.49345533 191205.4574
726.5267875 832.4937574 176.2604331 75.31176705 -172590.1324
740.2940579 641.2536927 774.6636876 77.44414905 1000885.508
994.8499546 860.305784 216.5236282 145.6430533 3871550.926
461.8165349 634.1109173 7.29102777 145.4406805 7455009.7
463.8769851 648.7330819 37.93286116 128.9094287 2867710.445
503.6343672 609.2628741 149.1131463 110.9210852 1850070.21
577.321967 729.2023446 174.6568758 120.3393249 2528729.412
963.9014449 779.5523589 767.2600006 111.4935993 -3946892.107
631.6950138 753.679218 79.54261658 114.3272388 -3123549.951
575.1305858 734.3666815 165.7345778 117.6102191 2578196.444
517.27812 723.7591299 67.56349759 101.0589739 -2230054.764
549.5090316 735.6034959 1.337225484 124.3279083 -2893347.852
486.4398519 656.219406 989.5466124 136.3205618 3347101.403
487.2102189 656.0406469 988.9830963 136.1559684 406024.9634
487.4564006 525.0015543 697.3265849 70.01260435 -569006.9483
472.259278 616.4881662 999.5062277 144.3438871 -5549446.05
466.211688 619.2706902 3.943233334 145.9879678 7138777.706
482.9751762 590.4002711 32.56910238 128.260375 1267503.675
489.3723599 598.6771553 6.172231943 133.1081261 -1657733.511
617.9024699 687.0780498 205.1013101 130.7173822 1238821.416
602.5202975 583.0573192 237.9542476 99.38808527 -1780381.352
568.7082017 641.1287321 188.8760713 105.9190099 -377454.3817
567.0606291 513.9691151 175.4392573 95.62136852 -327844.7229
516.010399 570.4042601 144.0584651 120.4194712 -2136940.387
515.3933648 585.0393058 163.2642237 123.015793 -3081581.378
513.5723788 570.9826129 178.5795604 127.3168344 2450355.346
40.776562 801.8876382 391.8037974 131.6392948 1840466.956
607.1545425 698.7323823 203.3592057 130.6222604 -412684.3017
608.758294 702.9033261 203.5525725 132.7023857 3081029.143
618.5334997 697.8048714 206.1518835 135.2720672 -429259.7007
621.7765852 696.1991599 206.8363459 136.1912093 -6187552.836
644.4776854 714.6975338 249.9572503 136.1410914 2870293.312
672.6721735 661.8479205 335.1490036 102.0926163 486175.3796
662.3550733 736.3899852 90.38691708 116.8299876 -906686.4772
661.0258949 737.9495026 88.23701956 117.0231235 -1840743.502
667.6026053 732.3949329 81.57442892 117.4541931 -200707.4404
557.4155747 760.7923915 191.0334254 115.8065344 414605.4603
549.4217297 775.5002867 202.3041741 118.4072193 3181780.702
586.9884292 741.4527764 230.7528686 121.936918 -2458688.787
714.0197778 801.5188629 276.9363546 88.78860827 752500.6204
622.9597625 696.6534951 208.7326539 136.0627472 738219.3361
895.2531628 713.2429724 447.8185473 84.64067799 -462499.157
699.6222036 824.5324257 240.5418968 86.64631012 388993.1353
960.0452652 967.1119497 177.7352667 112.2907565 877578.0183
767.3595091 664.9533955 147.654636 122.8348045 2520414.702
657.2686102 428.2710254 164.2413106 125.1542854 1488520.397
893.9030932 862.234325 294.4866019 102.6359039 1439892.82
879.7304269 463.8722232 717.8970367 120.2828404 -1247090.271
771.5339968 850.2695541 170.1948041 77.46728558 -481272.0901
1.370714291 822.4936353 345.5769672 140.8422673 6352493.089
849.4698283 850.7784476 862.4426194 128.2369545 -1250425.966
821.654843 713.9554674 268.9770417 90.81192858 -1166096.93
520.723242 930.9382503 235.5583446 152.9803314 2852302.875
520.6605064 931.2774824 235.3908593 153.040065 2783890.251
520.6795386 930.9077525 235.1662019 153.1567132 4501447.485
698.1077106 928.7940699 123.7106337 123.4071227 -1755871.511
744.7561633 726.8002634 22.99724079 121.7789098 -136184.6463
714.6605314 923.979882 169.0770706 118.6023744 1370438.08
539.3007727 913.9539042 210.3193057 150.9952546 -2453173.484
667.0826797 459.1344601 164.6431001 118.9694402 -1927994.419
705.113846 928.5905616 118.4914946 119.9846789 -374748.8778
16.47839915 762.2563679 975.9603558 125.636569 -1441389.468
721.1170137 524.9233555 604.268721 84.85091813 1295132.542
645.938569 586.0849384 799.3373704 91.72600686 572828.1606
711.59537 464.2371293 141.3991279 131.791737 -2034001.064
705.2215635 925.9244885 182.0707534 116.4920662 1341707.545
726.7423491 16.77472232 241.7848895 99.06842609 -315760.5566
724.8830852 25.28652317 231.8774108 108.0604778 1280380.657
719.8182993 38.7457101 247.1904243 108.1393924 -2099394.096
610.1832488 924.0918841 510.6502082 126.186264 -4494425.746
418.9696369 831.0635809 393.954288 120.4804013 -811552.2565
420.1124444 852.6913715 418.4342443 104.1578521 -696770.0128
434.5045252 820.1831448 524.8414562 107.7133822 -1309907.42
447.3948602 828.9714609 556.0109344 118.2048157 2819184.254
475.0263987 813.1277377 573.6491433 125.6954325 -4523529.392
601.6898897 862.3426753 564.7340633 134.4020834 -2842758.256
602.5028237 867.3108634 561.2491993 132.5917137 454773.5289
599.1526086 930.4266014 514.0247858 123.0645201 -2973739.903
541.2678214 477.048659 450.1165078 84.15410693 388368.5936
567.6426588 113.7270272 400.16641 108.7187463 1433316.225
691.6414119 172.1639484 419.6146316 101.2339591 1705828.435
738.8868424 119.5953237 104.4607439 111.7201696 -1691032.918
622.978051 189.8254692 160.763059 87.07452711 -575420.278
956.7389772 375.9569936 990.7111144 135.5209531 -2730153.928
816.4008804 904.0273463 311.5929637 74.86942249 -473098.1003
882.2749969 243.4985416 149.3409357 88.40805196 -766933.7055
821.1410549 121.1185126 98.98995332 109.9706792 1346972.14
611.5136801 928.6930806 457.8716921 111.7009875 -2451247.308
261.3354853 843.3192877 350.0804933 128.9997758 -446594.9806
256.8547695 982.8297821 403.8629675 81.65253607 338406.3578
269.7319911 990.1912815 450.2238865 73.17660117 418903.9829
304.7029252 982.7188869 486.8079663 87.61921234 851386.2994
329.8840405 914.1578506 454.0865414 75.76342811 -528229.317
245.4594693 845.3755591 525.0952357 102.2615807 -629242.7079
228.2976719 908.1269238 549.4723611 99.07492236 -449420.8465
226.2530678 914.1997255 549.7935536 99.47192724 -1368943.956
228.3192835 916.5444297 550.5425756 99.55157393 1095282.356
246.0187161 950.490162 538.1857339 89.90590624 -656517.8784
285.1099788 985.8577464 505.7624383 89.89604546 -1513109.591
267.1998441 989.4126002 497.2719548 83.59105633 1009636.964
249.0833377 979.914682 504.1541632 78.94539867 697932.7728
226.3311076 967.5679395 477.6596323 60.80697437 -260912.5103
574.5607756 963.5460704 444.2235888 90.0871377 -837986.0353
517.5523036 475.7316037 426.4645633 94.84583948 -1613551.727
242.1363403 988.6716987 358.3900086 107.0398731 1282812.254
256.8221445 860.7068329 346.1702533 120.0938436 -770428.3475
257.5546118 867.8243424 345.4926224 117.3305511 1024826.67
628.5578051 741.5556352 268.2320617 131.3846104 5029724.626
643.2712502 821.1539588 294.132587 126.4668497 -3991294.876
44.83763953 557.7974505 617.0276273 134.2780677 2111020.908
833.7529225 655.7507812 648.5791882 112.2931545 -1647464.153
833.8284841 656.5749863 647.3235006 112.8946152 3046930.925
638.830471 832.9623551 292.0057268 125.116848 3146667.757
998.2774928 847.6960183 310.8308642 137.3275045 -3550654.974
485.2064118 890.3712062 325.9708198 97.73904656 -1134209.477
412.4097528 861.0779215 405.9787769 107.7553448 1581514.172
418.417118 924.1794029 408.3240807 92.76852476 -1259493.484
405.8795776 948.8471288 409.1941575 94.88547023 -1016027.24
835.5683044 622.7930364 641.0333215 99.38120884 -1497824.843
402.710335 960.9560704 404.7371408 94.59834055 -1432027.998
383.1973334 962.666267 409.0974956 99.24628607 -1871664.128
842.2585705 423.4895337 770.0627615 112.8739437 1068030.697
500.3568522 647.8375963 747.5181222 130.8703326 3435276.327
333.004159 953.1570594 215.9739424 76.60522532 -452217.9925
246.5816323 851.9295918 352.7161107 116.7628227 242850.1474
170.2984766 879.9292323 398.4636632 72.25450924 285030.1016
320.6194398 801.0694455 222.9064148 103.210141 718126.5831
491.3012434 851.2638912 15.45903116 96.29409937 -1539345.044
508.231605 913.219277 200.1316403 145.987235 1940334.908
449.3829331 850.1123094 90.62088857 94.76772621 2184988.045
405.4289166 863.0945785 76.79414442 102.6713479 -1860890.58
478.9801496 855.2143216 9.551010988 94.62791329 -1379062.764
439.1912704 935.7018395 990.9946766 77.79992065 941994.3757
680.6160038 979.8688327 888.5158077 115.0147534 295730.7645
652.5073189 70.965043 74.13873748 77.11203757 352893.0428
248.0415742 812.8424166 958.4834226 105.7279985 -1508471.571
320.6018464 831.7237522 114.9622228 101.8704597 1263175.911
305.404162 800.4215768 128.1109396 109.0535951 -2478528.451
212.3432887 838.5623483 143.1356283 90.46562715 1863996.588
275.7832668 962.9549554 124.400084 99.15094918 -2234622.081
351.4976506 925.0920286 142.9135468 96.74661304 1054333.361
203.1297596 810.7527151 955.5885678 114.3698589 2810020.494
238.5121747 810.1236844 956.7898012 107.8515117 483217.3514
212.980225 805.9263088 953.716484 115.1526729 -2645018.261
367.5325404 908.5463013 144.1462171 104.7180283 3235607.933
295.2911135 837.8333399 355.9342619 133.957672 579084.891
344.4626854 937.3795773 408.5784751 102.8893094 -2870451.083
399.2929262 860.1431669 76.2842577 101.9905309 -460739.3665
232.1640009 764.9445784 35.95959214 87.33579908 -939266.2264
179.2064448 766.0523751 11.81110096 111.9524262 -1162406.585
311.9858962 789.9197515 114.6585132 110.5856222 -2847884.31
248.4586303 980.5446888 4.910478572 105.7905838 -1061881.897
273.5917741 588.8308958 954.1653403 123.874711 -4715735.507
196.1810492 610.1262543 978.8273508 106.173055 1480515.702
204.7699363 621.6925559 979.3881531 110.1661127 3399747.575
262.2305596 660.2264522 80.87743098 112.5861435 -1105861.653
236.9142961 655.6814747 88.45523036 104.5044821 -940827.2004
220.2499618 661.603566 61.58481088 107.2699662 -1237888.931
187.6226356 651.9133917 26.60176156 111.4777315 -2664608.399
149.9525949 598.1956913 21.4322941 98.34399529 1383314.392
196.0716243 610.0554295 978.8895913 106.1182755 -733417.5213
197.4215724 609.3568429 978.3307911 105.8157653 -40138.68303
262.651804 572.8270167 953.1500607 117.618423 2334123.499
281.3299487 447.3012823 38.93893175 122.6969527 1313602.465
264.6371822 445.3569552 77.71583094 116.2864328 -1319502.947
260.9566393 437.6524645 68.00805953 121.7687515 -3211651.083
249.0366117 611.2065629 122.4830294 84.39695772 -299879.9801
311.8695956 843.0952426 932.070792 97.3990698 1818616.934
183.2537937 857.6026938 391.2613103 85.94850209 325582.264
199.0178966 850.8633767 974.442255 91.756514 991299.9191
317.3303621 767.3743585 121.9720914 110.1452966 1300772.546
303.9637305 793.5985973 142.9219296 107.1727448 1391963.794
309.2374991 784.7579705 207.6673861 109.3175512 2499074.713
269.5636433 667.2587524 82.0669103 110.43549 -495550.0176
320.9563421 631.9315054 137.783919 90.4615993 -970523.0275
210.708511 814.0744062 192.8730326 96.91547932 782931.3717
177.8036911 656.9113202 175.575012 82.79025427 969725.6545
167.5408664 681.1196081 131.657517 82.35519127 698997.5792
327.87004 952.4421402 201.5194734 77.9683305 267947.1274
371.4186414 902.4946468 190.2275608 97.93492588 -1084623.482
273.0517646 661.4635008 83.21416666 113.8540298 -1921972.683
255.9588806 643.2550429 107.9917257 103.1438101 1163701.185
267.4337666 659.4213273 82.09007061 113.755165 2582712.763
316.4065742 696.3404551 210.1073889 100.2790925 -2222146.292
296.2753261 658.5164442 114.6336638 107.3965747 2102728.198
266.3514172 756.4405096 293.0380286 134.280493 2668765.259
266.2441595 757.0484982 293.1297633 134.4928422 3417878.392
260.8506627 481.3673974 403.5032109 115.6065522 -1417107.341
213.7662035 573.4513116 468.5494278 112.5506956 -3565699.174
252.0325274 640.5928612 506.0907478 129.0033323 1087445.899
231.7063233 643.719999 438.7970674 95.52172383 -510016.7325
203.1547269 588.4796518 417.065866 97.89766863 1614894.254
204.5034485 583.5843316 389.1184007 95.00264705 1557922.981
251.3018328 491.6745851 320.0154903 133.8585107 -2504946.494
260.2422258 480.5807338 381.5062641 117.3829811 -1320795.61
471.1815657 557.7121333 272.5444885 98.42170921 1210669.663
561.7628468 568.7517999 357.2707874 98.67885068 1273266.73
560.8924212 615.123742 357.1798821 76.64547656 -240998.8202
270.974003 435.6948582 36.89771285 129.5077286 -1949333.95
677.0664994 965.2285843 360.6562731 76.16494076 -277417.5966
205.5811187 673.8029604 251.0868272 98.00537937 -911516.8283
462.7083816 723.6254195 323.4212212 95.95675029 938602.3438
414.3608568 549.6058778 385.1175182 122.957571 -2902161.778
216.6729183 810.1036051 213.0840112 99.38126052 -779500.5638
403.5125299 508.8461059 413.9306649 133.6464259 3338200.14
396.583969 497.8480066 408.5926541 134.9834451 -3754818.411
372.2835577 479.901345 403.9066178 132.7388773 -5003388.121
273.7996059 482.3726958 436.0898619 117.5483051 -3801779.702
250.7946054 504.5765746 458.3238098 115.9235627 1480905.997
115.5467378 662.5966466 166.5661591 86.38214892 1122449.327
45.55113087 699.3704797 188.9730332 115.2600616 929354.9125
63.33701032 567.7616201 340.6657113 121.6032556 2662017.794
161.1990872 576.5019813 323.8981505 105.9667707 -2685316.213
452.4708682 587.5565362 212.495379 100.784365 -865998.117
983.4724917 998.7658073 412.6392555 89.53561196 -253772.3107
958.8323851 472.4016778 877.5970109 96.88161652 596064.0672
289.5877154 718.1766527 450.8829963 139.084983 -4737939.467
286.3707977 731.7702537 412.0213064 142.8062452 -2434070.384
267.082282 655.338798 519.1697253 142.0656448 7077652.725
237.8280131 530.2444694 479.8059063 119.2097642 3819081.731
288.7711603 628.8326937 531.1144548 139.9623302 6465596.275
107.9934542 732.4548089 383.2767899 84.99217445 161979.5054
890.2862239 572.2089411 180.9299672 114.5768213 -2788243.338
30.04063575 818.7587938 383.4923709 129.0623126 2210099.006
263.5193825 764.6335853 395.1244644 140.1356468 476386.4896
885.8609261 974.2463764 267.4734956 87.09655514 -1317006.795
17.80026785 779.5985419 351.7993499 145.4633276 -2848358.023
943.5247607 299.5924408 965.7756894 144.8912852 1852817.114
994.2780925 81.92378956 945.0310251 81.69237694 930990.5059
982.4278733 747.9405244 161.6338411 138.3425878 2375479.766
930.4668921 369.5245139 277.1882772 126.9741136 -3798402.299
36.82932786 432.5184327 195.3508336 107.3646429 -1719287.66
247.379466 980.0121681 5.734998285 106.0468718 -2203749.375
159.243334 829.6242644 59.21396325 81.76400608 -811436.7724
291.0185037 5.24345435 90.28483564 94.45364549 -1071534.242
33.24303932 643.9194719 484.3883472 86.53315311 1248685.496
997.5109897 654.8457559 65.65673571 122.0661171 -3808386.151
962.1156725 425.3528161 737.6327683 59.84158418 158058.5168
16.65146436 751.5834813 197.1025449 139.654974 -3221449.572
63.32554372 583.7011526 504.0838082 115.7611236 -579455.8562
935.9557913 872.0098413 291.2433034 117.5889158 2502484.191
55.47064971 790.9930314 121.1119924 84.68897439 -339596.9767
56.39090766 755.7410891 174.7525693 102.6953908 -333142.4822
152.8976122 701.3739215 125.764666 75.07933483 406438.431
175.0649341 753.6151242 13.6774424 110.4007556 -578452.2229
513.3506182 798.2709819 201.2523604 113.4212022 2894239.529
752.5345529 677.4098638 430.562983 99.53562128 -704770.2926
156.8971449 684.9547493 124.8966601 84.34038148 -1403948.857
184.5647257 674.4756161 41.67701153 111.6398872 -2578017.147
514.5157878 912.2269495 211.2862444 152.6435876 -5227228.928
209.9268944 814.6745312 192.4490305 96.96656772 1431138.723
181.464726 794.8298825 167.520193 70.46693298 369040.6708
398.469111 913.3677966 129.1184973 106.609363 -3498458.761
73.56030394 759.2697939 979.1800072 112.6078593 799119.4202
180.1454695 670.4784217 34.83924044 112.9164367 -3515166.683
159.2037942 753.4083221 986.9923574 119.9297499 3973401.25
151.3465558 835.5963955 65.63887451 80.18002639 610749.0614
166.263967 843.0088495 88.4321825 78.99426224 604972.3178
617.7531672 6.995517762 76.5143305 85.94884015 111887.677
258.8820165 808.8090973 960.8191799 101.4836878 -764723.4913
684.6004951 19.28919932 946.3740017 67.63858436 -44696.41829
254.7711195 924.1381591 55.08596059 76.49907921 324625.0561
103.2547594 499.2997229 86.70906285 118.0383194 -1670314.183
816.5463232 322.2984701 48.75134019 96.21309347 -1218763.486
170.7887807 762.9496184 5.059526085 115.8685324 2059629.445
477.4697483 781.8924128 227.389542 98.66687225 1766630.542
979.6737094 37.70675362 394.3000467 117.5434197 1693541.538
81.68121411 811.3527358 912.9920981 106.5511371 2717340.412
88.26508546 957.4752418 13.62867273 98.44010996 1448444.847
901.6448505 715.5514663 667.4164699 120.9634096 -1795219.289
857.9148723 806.6242667 521.9939378 92.89184123 305401.8243
817.8623948 801.0487768 507.4382886 70.91318838 -8934.046209
372.9255306 972.9766376 389.3782148 89.13387093 595715.2011
467.0583735 771.1649949 216.982434 89.54645934 484766.2962
224.9987915 994.9750659 320.7417161 105.5917804 -583516.7071
223.3329505 19.7540581 331.1456905 122.0138556 -2845803.092
270.4430101 809.2249845 354.7253699 149.0421421 3208559.042
263.9482774 860.8990691 348.6942996 120.9604112 -551034.372
328.9058766 961.8870681 461.1968967 86.45199364 -813150.6076
225.3166181 16.34124346 335.4222306 120.1533989 1146894.812
180.0762045 985.4214283 382.0802918 81.17273255 -452650.4218
123.3224618 994.0858819 377.6970659 87.07694222 1055854.475
108.8864656 909.5536819 390.4768925 66.8466101 423955.5458
138.4728362 868.5345725 398.609419 78.73723352 209891.3178
144.088744 866.6344664 399.2101912 79.62499961 -237331.4593
325.4208784 941.6022301 389.1588365 99.23462604 -1756350.405
431.9460008 837.0108259 267.8332248 106.5581113 -2781277.541
91.54336413 957.0183519 434.6684462 58.56736652 295219.9691
104.545693 853.6335219 560.394882 115.7993962 -2139968.949
49.18575559 883.9710089 538.4771062 97.03033099 -1334503.028
955.216055 7.810942771 779.5836126 120.8024804 -2402591.623
52.64780327 932.7669017 445.150041 54.18743812 254638.2916
73.09602018 936.3278595 494.3624551 56.29345669 136460.6157
71.29536308 904.2658336 556.9995627 104.3010405 1011604.74
862.1230963 234.1674956 728.8023124 120.2087913 -2384795.79
905.3890022 426.7028884 597.7534319 114.2843153 -1630485.504
551.7295785 294.3408282 710.9328601 107.1514995 -965248.1127
479.1502573 380.3069854 635.0940111 87.1436039 1064260.24
246.3522872 126.2985271 949.8750907 117.461291 1291799.609
197.0551576 661.2991773 252.4700415 96.33289534 -548826.0216
437.3367952 171.0172325 314.068017 104.0255526 -1110945.193
73.17374728 933.8928799 580.0260952 112.6732903 -2650021.065
83.4201591 254.6894702 754.0118457 94.52663742 -1769663.328
674.7198488 256.4333726 531.4812128 136.9621012 1829065.848
742.1074231 535.7444159 435.765291 155.5635431 8509058.267
596.0513526 628.6942764 334.7388748 78.72997422 31736.81886
847.0178675 897.5772851 289.4268734 79.62688386 -1040380.119
197.141172 664.0819695 250.5920454 97.43979768 -247290.388
196.7427272 665.7382032 248.4557564 97.67452121 -553531.5059
355.5240571 619.0340714 503.7726896 124.2539129 -2916796.972
85.73176216 767.0750635 373.8123621 118.0584525 -905245.4785
917.5942833 775.3855124 150.0210734 122.7131091 2571896.639
29.0781058 712.3468161 305.4160253 138.6309115 2607037.276
131.1941089 819.5559161 411.8612353 100.182379 -1341215.012
150.1708786 1.208710712 291.2485801 94.91228976 -339649.4163
121.4018468 998.8634157 371.6032291 89.54645407 1233543.127
984.9562855 886.5363625 531.96985 95.32304708 -2293811.461
68.67594007 726.6952003 483.5212083 96.50790604 1502857.113
76.07766044 731.2454732 491.3697821 95.26654108 1408321.622
903.0271817 825.0630871 655.0321408 111.5203074 1694567.889
19.23864197 729.8259177 522.4221635 66.58386266 548546.0443
280.914915 724.9864937 467.5090221 133.4779734 -2193730.542
135.2163302 912.0865533 470.9407214 42.74714515 178935.2033
69.8178361 786.8342402 404.7258758 129.284732 2720291.057
71.17832804 787.1902975 404.9994761 128.5842698 -1072862.625
940.5617543 186.2480195 656.3815574 105.2174316 -279457.7429
924.828325 399.9988771 596.5744658 102.5997169 -1581766.976
942.6591945 321.7792937 663.1864437 87.65146558 -874321.623
166.5530468 946.5246857 273.7714612 73.67211165 342501.4469
20.48710851 757.268092 207.7680667 137.4075046 -2419026.168
730.8108299 868.4339783 409.3732882 103.943759 -1118536.818
768.1766709 803.0575076 404.7821094 86.0199839 997963.3239
19.20586121 881.0329862 220.5560613 133.1936812 -1751278.237
991.7808562 703.9718851 537.4873247 58.09835729 204541.928
105.1994869 901.1468815 387.328701 69.02739363 -224383.539
108.2295289 882.0897893 385.8156074 73.86078696 295913.889
111.3794583 490.9754687 111.3860267 117.9942158 2629527.332
93.03482964 956.7729596 433.4695478 58.67967471 -257178.9431
131.9663936 931.9457575 586.6834899 106.7902927 1271755.413
153.9362162 907.4551718 566.4903738 99.69605848 669509.0053
304.9209905 908.4780822 699.0500536 107.5243761 -416796.9765
288.2272929 968.0628897 660.574684 106.6876914 -2775264.633
279.31296 975.2550831 671.7702241 107.9931978 2753296.583
218.5926253 2.091765874 681.2101689 113.2817916 3804101.704
275.346982 964.9265962 575.2091205 87.78151573 566440.7239
83.22723654 630.0452371 52.52792107 101.5650802 -1767173.78
385.1217084 851.5457124 555.6041704 86.95520138 -315713.565
404.994567 834.2092154 566.505602 107.5990083 1326956.942
463.9472171 929.1888472 504.0751621 73.26395728 -513964.9231
306.0572919 906.0372466 700.4100024 108.3460577 -633346.0003
432.8158751 830.0056569 628.0866525 134.733062 2759125.758
424.8060821 838.2033906 582.9233758 119.9709149 -2732144.176
307.2440459 794.4964177 564.0440644 100.5488757 -758320.807
491.5418252 918.1360426 827.6565584 150.7670381 -2558921.368
479.4409165 921.9144505 837.2558536 145.273912 1048299.832
452.1552374 30.41189477 2.340990731 113.308851 -2301051.962
504.0081992 134.7668022 592.5182586 97.69512695 -1233066.253
495.9416351 65.18935112 604.1175892 99.48882507 -391598.795
387.8961458 902.3807094 571.0173811 75.35124177 -333240.8692
429.2678666 845.2279671 633.1522578 126.9731444 601588.6696
133.6730254 61.49151838 539.9958466 99.60041463 -1508106.237
399.866244 785.5975903 949.4542356 93.48530426 -1803714.4
385.1186611 805.9601344 916.0625718 91.55957448 1309289.642
397.6945299 800.4768217 923.5125306 91.11380365 -1152212.276
453.0199893 899.1590727 869.9320264 123.9218621 838664.7945
457.950397 901.1479123 869.9425911 126.7717429 3044647.02
470.7569503 874.8184332 892.1172935 114.1384273 -1556406.18
488.4418301 837.1710319 972.0230617 102.8345268 2222322.427
223.25565 822.4092898 238.1305297 96.58352308 -509859.0082
340.4250187 648.9391631 62.04726759 108.3375177 -1169483.801
295.9373591 666.083121 96.48977237 113.5068239 4053517.782
360.8474447 42.96541173 953.57732 94.43245414 1320430.214
320.9127189 26.58689044 955.6694128 90.36428894 -859329.1409
296.0941225 58.39723181 923.9803544 109.8076678 1032830.876
297.9912746 69.13581988 916.0554022 115.8108478 2843741.422
919.6530827 497.56389 839.5117753 90.768175 332580.8016
454.8543676 998.6516733 825.468904 124.193465 1934194.116
288.2136861 887.4288817 835.4368407 101.9568068 1490825.248
259.8253976 872.2362319 825.2835307 107.6996464 3366098.898
251.9361238 860.6946702 832.4135426 105.4822376 1174589.099
850.5774538 695.7983414 766.5576399 57.4689872 26903.9804
731.4345552 926.1406793 901.0676268 125.1615411 3804235.851
257.6092533 776.3673743 759.4095579 113.9073905 3530578.166
271.3125176 762.1649425 759.8902046 108.3352812 1331811.194
904.8263382 690.7936807 714.7385238 106.4637036 1061918.236
294.7920317 793.491532 562.0711187 104.0496141 -1140137.382
246.9525885 791.9942661 791.916419 101.0757341 681860.5987
244.8371184 838.9887238 830.5336839 100.6451812 546197.1342
247.3623289 849.5876342 842.5510279 102.9713167 -1470487.945
618.6584546 885.86103 972.82433 114.6287693 -3224500.389
106.1843778 717.2464656 744.5652029 136.4003822 -2568250.512
99.64238759 718.065453 739.0975633 137.0027191 3438083.173
35.58485415 796.4228482 763.8380261 103.3692161 -1634205.604
45.0179179 799.6906313 749.3559742 93.39186196 -281162.6965
216.8130996 18.80809156 41.92195289 117.3591194 -2283268.566
151.1449486 797.9763775 789.8164892 71.23685583 -337836.19
190.5954015 958.406412 848.4992005 103.1846709 -2680895.943
217.1013804 18.73316134 41.87294677 117.3774765 2792993.103
395.218499 794.804464 820.0519194 44.19871455 92967.39063
233.9193242 839.1303953 860.9231084 97.34996701 -1204084.569
217.617605 805.3347342 949.4010132 113.4889676 2463286.48
254.3547114 808.0085441 967.2444839 100.3066635 494800.7839
87.07594027 927.7245828 765.4255168 83.77584212 168923.2963
100.3032398 960.3183697 19.21818337 99.89331775 -1855004.774
108.2751676 961.954421 957.2779253 108.5591334 2995800.735
154.8280887 938.2151552 955.3168348 98.12906883 1526488.394
52.34315695 833.3012555 821.2204512 98.458113 -821539.0628
605.6486986 87.10034431 965.8435384 82.00083082 -278757.8885
167.7845189 848.869019 919.8064972 99.63652975 2039483.919
266.9472367 797.3874637 343.4891426 148.2578396 331341.0174
194.9747039 829.6568363 120.500789 79.32301881 -517423.5196
205.8206281 818.3469692 204.7141996 98.52617657 -1649848.734
405.0703903 912.1239801 41.81559443 76.84206689 -768184.8611
36.00906601 544.5697654 956.3504366 126.815147 3465650.032
146.7355141 985.5292145 120.9537655 114.6386109 -2331795.3
137.9063381 11.50563616 91.58707517 122.2853324 -3996819.361
143.7317298 14.1128435 85.22483522 120.3363075 -2028617.465
780.7713672 116.7907856 326.817747 124.7938689 3446262.441
329.0220365 979.3678035 632.2723676 97.98862425 2408990.784
473.2629189 29.6307438 607.0887149 84.10410474 -701678.0248
398.4736779 958.0678888 107.9415936 94.23301908 1816776.29
299.7591076 933.2047141 985.1593255 70.62809932 -319547.5623
230.5549696 951.8063493 122.2634178 102.3976942 -1799884.06
123.1267779 888.0087768 96.81208068 80.1649316 1248021.281
407.2269774 10.80272815 286.1873268 95.93537499 1108791.083
11.94159299 448.2175425 998.9495265 133.3536753 1121277.815
166.5569102 689.3540439 897.94906 93.82621412 -1012857.693
111.7890636 679.1208359 852.2768751 106.8093287 -2173715.214
404.106167 864.2663509 77.2611204 102.8497236 -2285817.186
81.99529883 814.8370736 869.5126569 92.04588556 768657.9499
642.5522384 70.43425479 764.9914411 133.7635396 2121757.731
625.6451009 966.3181747 869.7786303 129.415983 -2727039.292
119.2627985 751.3828745 689.5618039 119.9814887 977512.9508
238.4722315 827.9368449 828.3032569 97.46274156 -805486.7187
241.0344179 793.9209971 799.3217516 98.61453858 -949153.4193
182.6798487 708.4054028 930.6708003 101.0631315 -1937465.555
275.2035306 866.3060289 790.5536997 103.9650423 947086.6671
177.2694204 447.9643825 805.7622337 141.8323428 -3433450.655
327.312924 740.3002878 940.3573788 75.56508591 659004.4309
290.6458504 743.855256 772.9677162 96.59700096 -251752.8078
303.2077685 734.4563873 805.8546219 77.5414554 -289824.9513
331.0846342 722.283007 836.2807032 69.0003993 -619364.2411
438.2128437 479.8609226 695.1281416 83.97111972 1503936.994
501.3806321 504.2710421 614.8001232 87.66988679 891028.7534
432.7722765 425.3782217 736.5510068 106.3512875 35812.29129
764.2075392 543.0757644 445.5268059 141.6839705 1552561.563
711.9972368 835.6972382 754.4491904 129.2632336 333851.591
542.1592941 390.0244686 527.16453 86.25464409 552114.0057
511.4930526 392.5004411 569.0379533 78.60223359 -219081.7325
549.1568365 902.4094924 320.5780216 106.7050196 1233579.453
827.9972638 670.4949889 639.1034523 112.0853811 -1679775.943
304.946738 63.95248526 838.7557562 118.7858892 -1064287.99
321.9142532 56.48855997 834.661071 108.8168988 408823.1892
319.1980286 48.92494299 827.9085624 107.7969942 397082.1238
357.2299121 930.1282921 800.0080439 101.6034428 -2693856.667
347.7881553 11.67604146 806.2420232 96.29420371 -1703571.385
230.5913588 976.7463634 861.6107925 90.37502749 1100710.466
447.958457 655.4321705 44.95386953 120.1853528 853367.4944
451.8783792 16.17018496 997.7304914 104.407994 366638.5195
387.2200702 768.0983007 868.4885589 53.34517262 165298.8504
136.1606114 704.4589668 722.4532888 151.9707874 5546932.24
128.049703 704.8412935 712.3694859 153.4962845 -5840559.235
352.7275634 709.8955651 771.7492351 98.2947266 1083548.143
161.8258394 725.3744494 724.3495088 136.4364161 -1479074.979
349.0674129 877.6711132 885.5252585 93.49598431 229542.4749
497.2439856 570.2919735 63.60096103 119.6118681 -2926784.774
334.5570324 609.1847334 941.8011808 125.2580081 -3274170.193
296.650452 736.6192035 777.6626574 93.61749018 -993095.6569
419.9583123 744.9038937 876.0961831 51.18201089 -156531.1456
336.3285728 620.2966209 938.5239557 118.601435 1053742.926
355.872478 709.6872551 810.1578043 80.85770874 567331.9767
455.918845 674.3314157 978.1706552 116.8505537 5989.425978
492.3207117 514.8299719 88.6541753 96.66429899 -848626.287
487.3144518 539.070667 85.89858456 109.206005 -2258473.663
493.3670265 657.0335868 985.9713938 134.0920358 -357810.8197
251.0048558 643.0735236 916.9785801 94.09662641 -1173867.804
777.8720195 64.01436187 787.5869746 116.0238441 -1519052.07
668.4025762 768.0279288 662.1375176 112.5165421 2917709.118
576.6637052 607.5942346 706.0456603 111.3856987 2192658.687
520.7041812 825.3360882 983.3147809 111.1200246 2344645.979
565.0476153 593.4867675 584.3912561 125.7602502 -360673.6139
383.1784933 701.1889216 391.4288016 139.3475685 1840428.724
591.2952889 612.9037238 546.2476911 137.5973449 3732037.765
440.7306972 378.3890819 779.9650276 147.3128524 -4704963.746
478.188419 483.3901973 614.7056048 88.67741224 -968239.5832
445.4317301 367.7618278 777.1859906 149.6918148 -3926431.567
747.1457709 568.0662553 430.8532522 140.7939559 -1500052.775
467.5772868 431.3491584 457.1786507 106.2355994 490244.287
75.2629111 533.7377026 314.4662807 118.4127583 -2377257.14
83.60617572 545.2058041 212.9327637 84.6807341 1229860.711
158.3499848 476.4354219 95.03248725 108.7537219 406907.1259
403.2813713 670.4630897 432.0213726 136.1614204 -3721752.302
528.3386632 961.9018231 244.2119999 141.1392004 1161600.232
523.8018753 926.0145865 223.8496727 155.3490771 3916360.868
328.8112198 879.3714579 710.3274129 117.5619391 -2174125.389
533.7380959 914.9936142 213.1459841 153.9391036 4213942.686
569.3339011 891.7196492 636.7535802 111.9658313 2336799.01
602.5108603 862.9553605 565.1645686 134.717722 6123005.348
329.339744 878.0639319 709.8276007 117.2465922 -1658548.782
859.113646 858.5695192 702.1235029 114.3307076 -2099445.604
438.9077547 726.6852027 672.1082964 131.4817841 -1990525.325
434.3513467 709.6811182 675.905795 134.580605 -1316852.001
409.7700002 682.3864429 671.2930219 130.121913 1050778.421
342.1967073 702.6765264 364.9324608 124.5762675 1169796.744
428.4708437 475.950423 553.3846937 93.4270981 -260914.8491
385.8313292 669.7139369 661.3834084 123.9007169 -1701573.733
266.2506439 664.6709726 589.1894955 138.7165823 -3108670.214
179.1836359 954.249446 724.1225494 103.5451078 2527392.882
373.4748117 686.2664443 807.3150401 86.87085363 -761429.1195
76.30613693 486.3823696 875.7114722 101.336072 -820848.766
394.2033927 429.0836027 723.1114611 91.15046653 -198128.9914
429.9789628 403.5071461 753.0132382 124.9245956 1029859.061
385.0566863 805.5357224 915.429345 90.956696 -81697.12464
371.1071083 643.1469316 772.0395853 101.838904 1037417.072
534.5948738 581.5725437 596.6708014 114.1940265 -447920.84
31.16752618 504.2211947 963.7316042 136.990904 -2432159.106
218.5607094 532.0496326 753.0911477 144.3358067 -3977728.739
209.3675906 524.8161547 719.0186092 152.7981379 7113251.413
408.6733587 433.9704231 828.7182597 123.8703048 1828149.409
288.165257 562.0091167 636.3500354 133.2436809 4221716.611
212.8428966 526.2201399 711.802124 150.5025911 -3118259.713
206.1647877 528.2087955 715.3368099 151.6190301 -5423935.814
145.1069694 630.0012847 696.5504648 142.5586606 2720611.133
0.1473133987 785.3816017 591.8117719 73.41078742 -509126.9541
97.47162237 771.9325345 589.066191 112.0014588 2335686.243
87.89948983 594.5714916 885.4290821 92.13849428 661970.0053
57.59893829 527.7204851 659.3708425 147.8873119 -6674415.527
66.41656754 577.92696 664.7659847 140.3315187 2123416.971
227.467108 777.1086698 715.4568465 103.6602719 896139.696
219.6097535 756.3067025 722.3378783 114.9161819 2526738.247
290.2648147 787.9792597 559.2711589 106.7582601 -1178359.414
709.101565 30.94061414 215.8059607 113.1399321 2175277.81
284.9653829 843.4514341 740.1168446 110.5330634 1655087.366
843.0650379 228.5692323 730.6194278 116.9141075 1839477.248
681.1578371 359.0339937 528.3606278 118.6609757 2439264.164
71.90501083 390.5501451 431.453276 111.5507773 -1881720.566
864.7983963 401.6803819 627.0353268 115.0464063 -113837.3715
129.8559981 320.3277937 473.1257067 108.160939 -2824241.26
128.9458588 297.3682546 504.59893 105.0339472 -1767784.078
146.0411899 337.7355751 504.152093 99.08186056 -1396172.964
94.83207523 349.8284447 624.4641216 94.04482672 1683434.525
70.4524253 326.9931108 624.9548439 94.97149616 1541714.762
107.6994308 300.3737752 586.4083663 95.10051237 -1613749.292
119.2216607 338.6990589 603.0957538 92.49152525 -1955349.944
153.8647705 376.5908648 535.0915239 96.37735211 -2473118.379
112.3337637 463.0450363 524.1474571 111.7002802 -1604458.642
97.94168819 479.705213 529.6800255 120.3102169 2040328.454
686.1315427 33.24425623 552.2412068 100.1374679 1313520.225
14.80683032 342.8688712 732.2563809 71.520747 -783556.8843
254.7095929 560.4484129 789.6235758 120.0908665 2241662.829
88.28972861 445.5172958 798.8802523 110.0451167 1602592.374
255.7950058 484.6327675 667.9048743 128.528728 -3389594.373
216.8570808 461.1157097 754.7433125 153.8468658 -4155170.989
218.9023479 376.8381943 694.0970476 108.945703 -2503206.919
244.1183146 380.9286506 630.5552678 99.99817277 -881045.2861
254.097087 391.6909722 611.4067106 105.1796964 -2889721.169
232.3569937 405.5647682 545.3164638 109.4112457 3484448.299
695.1885153 428.8648395 463.4695066 113.3904534 341599.4928
967.6304918 226.4041252 872.7303502 111.4035579 312456.1385
864.9307757 488.9168247 803.0478806 117.7541835 -3913167.309
75.29622361 263.1546448 760.0790851 89.98202495 -866820.6793
955.3857692 150.9047411 707.8833459 91.90182679 727719.0848
129.5257379 474.6656036 526.1002331 109.7371405 -1212782.098
220.7405081 468.2201668 540.1635568 113.3276628 -4062827.688
250.6303402 504.8855446 661.4624023 133.5259226 -4767524.856
78.48557445 915.6387083 625.5570808 96.73216362 739737.5961
108.774078 997.5937985 426.4447961 73.69633438 417289.2791
26.4240539 948.6321583 635.9769749 99.14286702 -1104059.036
232.4348941 512.2286688 486.592887 117.8398914 3025721.569
285.1180648 553.6730463 637.2132034 131.4553604 1981533.681
229.5356315 481.0186717 524.9450961 112.6580536 1912955.434
393.0473669 417.7753241 459.2170499 120.5463014 3973218.713
61.21005607 391.7152901 635.3092273 99.0662818 2040547.453
67.15895495 587.3852713 663.4617533 140.1197582 -4712537.899
146.7970677 231.7596477 587.2115553 93.04126252 825665.3623
247.5802815 391.1051615 530.5963843 107.9771136 -2278011.7
289.4100926 356.0596598 550.3935453 104.4910839 1705856.053
262.7212311 307.6375395 548.81216 67.60553227 301016.34
174.8494417 257.3720379 526.5641662 76.74678771 -411288.9981
146.5760752 232.9137183 578.086291 91.91720236 -490534.7258
130.6441644 257.9458217 525.5713678 101.620915 -2287592.24
427.9649826 425.3360137 523.9283911 111.0843415 -2379223.021
509.8753865 407.7964279 552.8531889 86.32684444 746001.3453
304.1826308 355.9224955 898.6283911 149.6273923 996310.4213
423.468498 329.1326732 4.62012286 92.31452702 -708172.836
509.3150961 331.5006138 970.2924466 83.13586287 603802.083
496.0623916 324.3319233 973.9424046 80.44343023 590478.6536
436.6610007 478.949038 873.3374304 121.4064238 -3699165.416
141.244286 263.3730204 514.118007 98.92986651 1484249.137
215.8858088 206.7697466 669.379061 109.0142076 -1510137.353
281.2592225 599.9587789 935.8832225 119.0074187 -3021750.917
204.2458962 994.7887255 642.287674 100.6779417 -1327681.179
400.9522299 388.5083037 536.9067506 100.0657463 -1563823.015
311.5663833 613.1973342 267.9133625 78.1211454 1054189.903
437.2641974 498.2220083 877.2824333 119.4613023 -1585208.394
377.8772908 676.6600152 769.9137918 107.1407976 -1715653.55
316.60457 906.2422381 831.8172583 96.69924688 1417641.006
349.939805 603.3101427 197.0450415 85.84105776 -1315454.126
438.8805759 721.9331737 695.8744675 137.0968734 3327777.922
331.153406 343.7340649 829.6271497 148.2988976 4970593.293
518.9908978 294.2149579 433.0205056 114.4760849 3815744.715
950.3206187 307.2389565 964.9887833 148.3578937 -4651850.492
500.8520435 311.1705515 428.5753294 110.0551267 -2376502.605
459.9018773 416.1889965 469.3755884 111.8878827 2514768.405
435.0705911 422.0043814 474.8158219 120.6026303 -615185.6097
371.3185113 652.72363 646.0079862 121.3217567 749240.6052
482.3394048 542.5538836 230.2656413 118.5550047 -3609952.581
320.621094 298.2982133 780.2953376 124.8007835 3016625.968
145.1792165 231.0018133 770.0392465 94.72766473 -1903054.089
201.5787854 257.3396752 865.9137769 103.2840658 2179424.621
279.9771989 239.8819078 866.6120639 141.0649718 -5990378.353
280.414207 208.7865018 790.6110817 132.4264525 5230157.249
298.1360985 242.2449164 771.8761655 122.5090392 -2496296.808
231.0937886 200.885233 728.5536181 124.7576395 -3121061.448
232.1371618 197.0987818 735.1647377 126.0109926 4604158.585
186.034719 211.5709523 745.0670674 104.4317488 -986152.7118
613.7894479 170.9575568 769.7367341 130.2595229 -599598.4022
218.3448473 507.1679753 768.4453914 145.9153579 2458195.168
356.4709347 459.955983 338.3239843 126.2830763 1094484.868
983.9425328 233.7589397 875.8341261 122.4830512 -893933.4201
45.9685921 139.1971046 811.6264472 104.5233384 -563936.2654
698.0855093 448.4116938 32.7646861 130.8224523 -608487.4904
303.7431096 356.2527317 896.3220556 150.4741069 -1662497.975
248.7298366 953.6663003 110.5919288 105.4220706 -3373458.01
171.7486483 333.040218 874.6147164 102.835798 -2451623.238
519.6759328 297.8849997 807.2945443 135.4803443 -2380658.017
60.22440156 226.0391855 695.1436043 74.59179836 -634119.3849
75.6877174 337.9181107 871.6038202 81.40108414 -716300.93
905.6277583 566.0413336 102.1558597 100.0735366 599897.5503
51.79682987 550.5337287 22.33719915 132.2137957 -5206599.554
175.5197649 510.4884076 148.3260935 97.28525045 1460699.555
626.1819893 360.2316389 881.6041637 101.0654824 549476.2074
243.1589127 998.9831979 54.35821427 111.3955917 2779396.337
31.48278947 294.9933156 955.6452895 132.6415388 2978251.114
530.0317022 225.7633614 756.239361 134.3040334 2916670.079
517.1464947 291.1777298 434.0021773 113.9484019 -2522648.681
202.2176448 446.3249003 73.12247052 105.7899763 -1036365.516
249.4092631 810.9895987 959.7777376 105.3148719 1084605.572
273.1618403 994.8235572 0.5794459583 98.8441004 -939407.4037
268.2358335 428.9609035 36.38970281 131.1752067 3880528.631
258.0772877 993.9604623 4.321715808 106.2025743 -1989291.481
414.4539078 332.3808325 545.7320115 67.36957215 -232173.814
632.2989849 391.505864 519.2654885 98.74926518 -882624.6377
516.3295309 249.238026 471.8873256 107.4861412 2805881.686
715.1746342 51.95363016 913.3425081 77.32203108 656218.9814
487.3772713 308.9502308 429.7343872 107.6623478 1885193.909
62.72603273 521.9354745 317.9523399 122.2346976 3859700.37
816.9316319 394.2217368 896.1740605 72.47819122 557584.6097
387.4701581 960.1514237 111.4872801 89.79716123 499368.1306
460.2753084 711.1448671 309.2558342 87.87963456 -440701.569
472.7089661 569.6229313 213.4952704 114.8128174 -1605596.444
849.4851408 110.0363212 944.8619525 85.86223218 362673.1913
922.0821787 823.515546 158.5440659 121.6051312 1398587.274
754.3272438 823.0025068 741.9609835 118.5976257 1788127.599
880.8796502 865.835117 438.3635328 85.67425409 322382.7299
499.0379675 5.906006332 150.2725728 117.1311487 3610788.423
252.5825213 946.3338489 6.908363454 89.98853635 935977.3726
197.6705794 884.3530949 134.1693804 93.87133836 1460770.797
905.0199251 110.6499921 200.9092599 88.27910857 678479.8196
82.11624279 130.1468584 989.7985039 79.43208611 596313.9818
77.24947398 55.5092979 912.9781607 88.12121104 -1068241.581
94.45701579 963.2293631 431.8235227 60.12641698 83162.95686
889.0597276 601.7035715 788.1368586 67.03409847 -428993.8669
677.1398586 191.7905335 865.8090657 109.4373975 1717760.164
61.76741813 295.2952465 981.6428841 129.0911488 3903314.314
16.22682341 318.4001738 986.0152985 137.9060866 2236383.277
116.8760657 213.3747697 671.4135923 73.52416602 -268464.6201
298.1444302 880.3533712 107.3530311 83.79049757 -386146.4351
134.3614974 703.8224841 716.4511384 153.7985047 6234052.048
244.697768 994.8070224 20.35256175 111.1258877 2315660.766
309.6357523 791.5907798 751.3022151 91.96965595 178835.0545
137.9461762 59.93341534 970.1426131 77.02956629 1116784.239
100.5113144 221.9326901 965.435264 109.5742712 1831548.814
252.160817 932.4808022 105.2930779 96.93297132 -1344440.17
646.7778687 400.7763452 180.6029348 125.1954189 -1718041.273
86.77907271 236.0466069 962.4320817 114.1376385 -1185726.739
240.4341862 388.6627716 884.434566 139.7438186 5824255.204
176.9036539 973.934594 837.4217272 104.4638099 839225.8865
96.22136138 131.8918686 857.6204923 78.56012841 -890785.5759
580.0429501 168.0128811 217.95665 107.8003818 1833581.179
721.3546745 124.8433045 370.4583291 109.3913258 -873803.7744
750.5594628 77.42219252 961.4490763 57.54081685 -522579.6017
639.5606416 415.5750916 294.8463027 87.36334886 -1368602.571
685.0311118 981.2326608 889.7160271 114.8842077 -2313533.827
690.0642935 542.0148318 17.65357276 132.394107 4745809.639
683.9212421 989.9137423 898.0866 106.0611559 -57827.35472
132.0542715 949.0616421 745.4639774 97.60214068 -404216.8347
786.3725457 711.1977377 838.296358 91.93495553 -297539.1974
405.066477 51.95880631 983.0946173 102.5309469 1871364.909
313.8331933 205.1123795 932.7234945 151.8053746 -1723805.461
293.8713485 191.5469398 909.176061 151.3239377 6058575.99
244.7395293 119.5181522 743.8649759 131.3622189 3017535.584
986.3643934 231.3952181 834.3743468 119.3658326 1896918.755
287.3016384 178.9194603 796.2632956 130.5269857 -3635900.379
94.37430065 94.1382731 736.639092 73.18549956 -555849.315
391.6313681 839.939902 894.0296544 88.82448126 -759401.165
353.9040288 876.0042326 889.2271704 94.77586081 954294.4276
287.5200497 179.37731 921.862476 151.0640865 6258076.112
296.4874786 187.0014891 928.5090037 150.2393483 1098727.875
384.4521907 232.9486035 655.58269 73.16295495 810088.6665
418.1985428 264.7187628 614.4135065 54.66012848 423398.8092
342.3229327 219.5463076 618.5529779 73.04449045 294520.01
309.1106805 147.0524903 524.5125216 111.3928532 -1270457.519
320.0502297 185.5848716 456.9050505 129.5858451 5539907.01
333.4315277 208.2503306 461.0457453 116.0436942 1832643.609
409.6669644 220.9643373 484.601444 80.9907185 597293.882
348.5565626 159.3309604 465.7039212 118.7194861 2417010.182
351.1238053 149.7803662 476.990718 113.9165102 1386778.296
436.9448626 182.1131958 550.3964527 59.08955654 232674.8297
360.0131457 172.9070115 610.5884296 69.82133546 286527.352
436.5978739 175.2393 724.5783302 104.7808232 -1829926.297
373.8623467 634.1787752 983.0397915 127.9562579 -618333.2582
349.7160149 767.3252765 883.640236 55.43470672 44579.96074
655.846514 178.4449683 802.12928 129.5541348 -1475184.458
962.1924126 5.468344944 883.6383316 117.6879625 2889457.834
613.1631918 21.65898358 733.3962393 121.6166302 15134.33645
362.7876442 801.5520707 927.8648424 92.69871905 975684.152
279.7833364 87.15831655 844.8618438 135.9557885 -2891828.463
464.1039428 906.2808356 860.2491847 131.2915493 -578604.5903
237.2454548 133.1162509 665.9983684 114.9623971 1678720.234
438.2435261 185.5159853 548.988973 58.69394876 121492.3729
441.5205295 256.3384071 598.0922796 51.63293456 -356933.4961
427.989251 269.4661174 543.2668671 70.04424259 -754953.0157
354.573685 283.8262078 551.610668 78.19796969 -1195493.868
355.3562764 275.4690766 570.4905406 70.08578792 307205.9812
319.2152231 235.0741846 490.7031189 102.3948065 -1141999.462
404.6643916 280.4070643 553.3571796 68.32079941 633548.5037
188.1334539 105.8611848 588.3776225 87.06274925 -612495.4323
344.1185354 912.7233327 407.6683635 101.4888966 -1771785.927
535.9832136 692.313003 807.2593094 105.5091128 728494.8762
33.99910884 723.4922217 235.1942028 128.8157923 -1055722.097
92.19960082 15.29231504 561.2525727 106.6317077 586636.6124
196.3044511 786.1414849 386.1006649 116.6611971 -485947.4133
167.8307753 55.3860522 512.0704015 77.74971035 -274211.9561
451.756911 977.9563922 544.3097715 62.28388986 406963.4886
178.5991933 549.643508 293.8318202 110.9731878 2025021.103
254.7106918 11.71068443 496.4093426 68.38328436 -181893.5919
348.2249902 93.04854498 634.4059619 95.00772871 -2320221.082
159.6647485 129.8394667 567.021885 75.51919725 -471959.6843
98.43253447 158.4715789 587.8562855 54.29257912 234218.181
66.85108324 164.3778146 624.3907432 63.82584637 418749.8025
87.27792378 140.3354932 659.6129147 51.32216254 -207558.6567
195.8073491 78.08455462 656.1618599 102.6708978 -480756.1234
457.1244852 170.4522485 619.2734006 74.3064899 344058.1614
218.0310295 130.2985952 600.161806 97.15024471 1017636.677
162.2917971 140.3165815 566.2705727 74.88793234 678362.0376
143.1909952 205.7482211 573.4577086 80.71420522 595077.9732
651.9807331 464.8239488 326.4823566 85.99063045 -926681.2809
114.201106 131.7199372 319.2617635 153.2791906 2447621.313
90.43289456 121.9654785 321.5225429 156.0081459 5728702.279
100.532799 117.3314429 316.1214657 153.3152825 -4392516.146
195.7853114 164.0324573 371.9037504 138.4031894 -1635525.462
9.286710987 852.3066818 241.921605 145.5385615 -5658088.339
57.7661693 65.73106333 382.9426031 120.7009369 -1840064.491
72.80382683 81.86568548 463.6264013 102.9930728 -2376972.575
163.3495933 587.2274265 319.2330439 99.41886278 -496546.0132
318.0720676 244.3157003 493.5264229 97.73917829 -218104.7572
312.7831966 349.7315626 534.3481127 108.0014349 -2923342.169
260.4009415 89.6038578 519.2739803 70.00723404 248986.0221
201.6289415 60.40356753 501.6999392 64.58237448 -500328.6328
237.0658627 864.6403718 540.6229549 99.44406913 187196.6591
148.0318469 227.999927 583.4127492 92.06403714 -1108830.457
229.6794032 37.03940074 326.828742 126.5634069 1388048.551
230.4034693 67.80005512 317.1333396 136.997932 -1274959.598
231.1204155 74.93939997 319.8941631 136.3721408 313279.93
25.00340428 774.3088398 359.669863 144.7939914 2717683.559
297.4631371 696.9438086 255.8159435 105.2818667 1414169.08
18.94011307 769.9082436 353.6578016 146.6349262 7326901.436
269.0014554 492.1956925 262.8838933 127.2624887 -1829378.145
208.3167842 117.582284 597.3574168 93.34529205 -857187.4145
80.94028513 955.691188 995.8321403 98.15095345 679039.8154
390.8495725 256.6530038 722.3233771 102.8612651 -1866057.926
164.6121521 163.5014848 110.9586639 102.43057 -2144490.483
841.2262086 243.2084701 538.1801179 80.28364805 -421835.6451
222.1299999 732.1522931 270.6725247 102.521014 -838607.5924
942.9594092 91.77452936 724.1626955 79.79173406 105059.7801
944.0511103 314.0713942 967.851145 149.2131543 8027729.423
154.1586264 678.6953448 560.4413646 115.6509093 -2181853.861
15.62164547 262.8711626 323.890673 141.3086916 4193669.176
114.7882137 272.8201498 298.8056639 148.7139843 -4522664.446
142.5625945 168.8596964 467.273635 82.61619251 -759630.6126
119.2400875 463.2385827 322.8631471 97.34800337 -394089.2532
282.5316063 181.6396028 428.8587802 123.1493569 1732195.817
57.816229 65.88943476 382.4415994 120.9014132 -2540295.843
72.58578994 69.56246502 120.1474932 120.9026777 3213720.987
228.5250865 89.64803816 315.3050804 142.9579388 -1269970.215
945.9844032 226.983858 455.7995978 96.50886297 -1361200.626
134.6208008 486.489392 111.2858039 116.2204469 -2677735.768
228.2923836 78.67403557 313.2551834 141.5667161 -5292826.789
207.4503506 206.0123465 399.038324 124.7447867 2922195.16
43.2254881 331.8432783 629.7088997 97.78963508 1366016.659
136.4999925 394.6575194 361.6379461 99.9446339 1193583.712
150.9675967 425.1168007 321.6545777 109.4474978 3262887.803
131.5389321 322.9310199 265.8780713 130.9177078 905981.9446
134.7580598 347.3940619 250.7630696 128.3032416 -3926216.206
125.0878014 351.4300279 185.1357726 108.960512 1991378.636
116.1380369 366.0556679 172.7340657 107.1318149 -1212342.825
104.6738944 387.5426656 169.0643665 108.4254029 1877046.797
975.2688634 229.1911544 593.1027202 79.30096959 965102.588
136.0316125 343.2858914 243.5314459 126.0485998 -2503925.485
296.5647663 422.4451646 169.8777819 89.79857118 1196286.57
293.138697 417.4903856 229.2840005 101.3626824 -1284416.304
191.9215022 334.9210548 185.9382504 89.63298584 1156370.795
958.7338634 223.2371527 622.8272454 90.93917682 -1129443.027
597.3646013 247.1017235 972.0069719 90.25766202 -759780.1566
153.7877383 312.521331 417.9533688 109.0372257 2352364.038
212.9044693 345.0109355 437.6191995 77.24163371 377392.6329
277.8145261 180.0484375 426.1150574 122.3252415 -1001717.188
129.5815712 63.02530645 523.7454862 97.02331335 -1165521.975
67.79534276 195.4370933 114.8197226 66.03649186 162806.3858
360.9536519 269.934738 732.8933966 109.2191084 2053305.739
331.9794687 360.3823716 834.7668777 150.3071199 1888903.842
228.6826263 192.0175487 673.9129264 115.0611298 -1616585.967
781.3150538 944.2423267 434.2764506 116.7866687 3310392.999
420.7955586 165.3999835 651.9373595 83.19277646 649763.0425
246.3669435 95.96992188 714.7594751 131.267412 3455962.072
66.53777882 580.6624828 896.6518011 99.58383939 -894500.8958
22.82614384 189.161049 181.5625572 64.7531804 -173474.2194
361.4001589 268.5241615 409.6960484 92.64726875 -1227880.679
272.968014 501.749273 180.7011859 103.04351 -2600527.538
374.3040645 128.4777711 439.3128667 110.7135493 1435380.697
355.1698862 140.7605188 429.4727729 111.9761469 346193.6321
81.93201815 78.48748821 112.8565034 116.1335634 -994875.6756
105.2065964 223.579496 105.0568242 86.86989728 -1118532.192
97.05690734 93.68583616 108.8578034 106.6164502 488531.8815
232.5320704 37.66512682 352.5400862 107.1534187 196694.611
260.4711918 8.970867358 429.5762037 63.70911855 -80153.51263
513.5443284 33.79489677 592.5706157 100.8260786 -1661089.958
229.8677722 22.97335963 336.0045842 120.6624371 -769534.5912
220.2248129 117.6518128 320.234839 146.8940476 2824408.055
170.5915358 154.687459 325.4453497 155.2747792 -9244895.829
126.5190155 134.8878477 442.57345 97.9926271 -1526047.981
938.4370329 35.54560195 20.69209275 73.62999482 -934924.7805
487.9324218 83.30110543 601.7091631 99.9155712 -1882577.666
192.5107527 69.53817832 482.5485866 60.30537146 -232018.0364
318.903721 349.0740585 540.8612423 106.0124001 2218166.653
517.7919609 30.74378116 593.8673131 99.28429794 594822.2386
483.7474032 16.16724311 593.8640777 81.70507094 -487059.6358
405.5961522 276.0442047 563.1506195 63.68165939 -148108.0998
441.9135938 996.2386429 939.743146 102.2865268 486737.3921
304.4349988 356.4518697 587.8880899 99.81334302 -1503834.166
327.0474635 614.8652543 604.7468491 137.9448058 6147934.027
673.6539404 827.3211882 523.9200475 85.96135868 297779.9666
238.5007132 51.08597884 317.6725208 128.609415 -1227413.271
367.9041414 310.8360959 268.8412714 111.3498843 542425.304
54.02304218 285.1156988 497.6254482 91.72527036 1806792.283
243.1914157 821.9017787 469.840358 98.72824268 194547.5074
195.3258566 90.69232596 620.2885254 91.31151779 -268912.391
465.3401445 300.7805746 140.4001056 103.5072948 2742924.755
872.8431296 63.55999585 824.6480802 99.12152695 686183.1978
303.6155842 334.0740347 50.70078376 124.4384729 -667627.5651
302.6939085 329.7361856 51.24543915 123.813416 611002.9627
581.6712627 82.70002094 321.1402878 108.2539573 -1366819.332
394.1969052 176.2991638 985.0018412 126.6551367 1073598.847
94.70433934 255.2888037 753.006931 94.10054751 1213151.996
274.4810998 373.0031965 600.3574825 100.7125709 -741434.3415
596.6587937 86.63747023 372.7327495 102.823532 -1324150.081
395.9845877 195.0460968 310.6674312 107.7855928 -991216.8087
376.289773 25.93613461 34.11841343 78.61680586 -595324.9976
323.3468075 814.3213906 952.7693815 95.1490026 -1749138.439
296.9262549 151.240311 840.9227059 134.0597076 -4320268.944
110.2951379 903.5213142 61.37595679 72.67346019 -505449.7132
380.5160182 183.2734536 989.0699507 129.1332768 -1521432.47
375.5628813 177.6369409 998.1354673 119.4418001 216588.8554
404.2971758 189.6634834 165.8787916 104.1868565 -484163.8968
422.8627208 79.81542858 131.0776144 62.92348378 101043.052
436.0499944 66.02122539 121.0815212 66.72499387 -15428.47102
396.4265281 159.0803185 167.4602562 93.5208981 259122.2328
400.4544863 182.5403715 167.8652851 102.878719 -239051.0624
236.5731968 988.7268011 354.4222117 108.6611242 1823631.752
294.3558704 50.82168678 100.120628 78.90889411 -537207.2424
361.423522 812.2949024 22.88735035 84.68125155 1006245.24
344.1573329 70.81776466 73.00437003 51.18757801 -176366.316
267.3563653 967.4818899 372.2321358 96.45187527 885430.8202
400.675921 657.5594226 29.61004773 122.4813653 -1679204.005
243.8129731 887.7555644 324.0321832 98.25277818 336849.0787
315.7738209 868.9919297 939.6650842 85.31923988 494796.7922
423.6760463 79.57782934 133.1537879 64.20048057 195626.592
398.7743491 64.01077097 171.5767174 69.2445786 135307.2903
273.827192 784.0869734 332.0896121 149.2345664 1729406.143
427.3128785 343.9065826 51.42079355 94.1444813 -483915.744
427.8771477 341.2932629 70.76406569 94.85952777 470662.7347
420.5867343 343.1393143 60.13324299 97.55566278 -1958903.697
611.2040027 319.4918532 158.8712621 139.0787471 -4662222.678
734.915536 266.7217554 747.0625812 82.87503147 -1606551.102
582.2140424 961.6037324 79.80216719 111.1479861 479206.3866
797.6252971 245.1714608 746.2361627 91.70712655 -545098.5191
340.0082754 102.778501 71.62453771 53.43719675 -271914.0607
711.7863632 856.9664146 453.5103089 76.71502564 -57402.80429
608.4909949 869.9434733 343.2059866 116.2718474 3066602.871
537.189942 391.6675524 817.6114156 141.0140947 5134128.792
463.9407142 529.7978405 76.0432344 100.6779814 983612.2674
456.2698104 417.9244744 8.316989813 62.51332489 212659.7467
459.056091 412.3692769 5.172615653 65.16333166 -150900.662
533.4736621 403.4808803 817.2756006 141.2786791 -3487440.253
536.3127066 336.0267543 838.1367189 128.247499 1046659.108
942.0918363 189.5421253 705.4166045 109.9471538 1987886.403
35.19641542 341.014517 632.18353 98.81882823 -1934250.885
152.9257149 233.5548466 600.8788355 90.30627024 603564.584
142.5813316 236.3350684 594.6322779 93.05162073 1559771.306
458.7300369 391.6996708 140.8033876 82.13375447 1146858.391
304.4701622 335.6797185 43.65921945 127.873591 2641323.376
70.47502822 288.6957292 995.4424432 122.9096382 763778.7492
82.54796209 241.2690828 958.6707701 115.9619075 2398603.529
336.77796 205.3312292 956.5581136 148.0592688 -587274.3225
74.1965863 558.3394746 482.5776574 119.0783483 656733.7861
31.75610756 509.8677462 374.4002741 120.3967241 883113.8257
66.07218215 297.2147535 659.9968882 75.31915489 -388973.8015
323.2111349 209.749751 940.8433572 152.2631455 -4737077.214
274.8437839 437.0139532 481.4423332 103.1462694 1407822.642
16.77645474 476.7753143 990.6102457 138.8073946 -2545682.488
906.7602616 565.7548015 103.4627098 100.4756112 -1564744.593
135.3195991 353.7940959 837.7205356 96.24298645 -1841819.266
329.5081126 207.7019067 953.18455 151.0320853 -4883823.778
262.1299106 405.3552925 956.4694669 139.9707726 -6200765.84
859.6267457 437.2215611 690.9691715 122.5275481 -877395.5278
328.8807866 207.309922 951.6947986 151.4111743 -4547467.324
459.0713035 589.0541465 261.7276977 89.70454618 576635.2099
150.6553963 365.3863868 275.5531312 122.336797 3080021.954
920.2382067 908.4741037 21.21538305 87.43808901 -1221614.544
103.7372418 388.3479898 168.4821028 108.3078623 -893464.2929
805.8365612 152.7138705 310.336823 118.6437195 1499513.126
853.5530359 402.0828858 665.6275244 124.1875916 1449278.884
451.8947127 464.2879369 251.3363899 102.4045549 1575822.891
177.1270841 319.9511362 28.38199042 73.45968653 -358341.3481
421.1018456 540.7584857 200.6310375 88.0851044 873224.1895
519.776876 553.2713956 190.5699367 126.6257095 -4564056.4
537.4325948 921.3124346 267.1005778 131.4708238 991183.5199
673.4767781 701.9402828 152.7568818 123.9714849 1841385.121
499.7099914 537.5341751 223.737365 119.7394046 -3295577.51
514.6493592 561.5281859 156.6833285 122.7892741 -1949109.548
216.6302753 155.3504642 103.5143457 111.1044148 2698058.832
542.2666072 335.5429751 355.2606121 99.96535906 1702965.661
285.5288306 46.10527003 703.3076788 109.5271928 -2398832.883
734.6644848 159.2227703 961.0552643 76.38149403 -580512.9699
535.5578707 418.5302768 817.8920582 136.3455256 1096247.179
248.7281585 156.8809452 36.61936243 104.8779569 1688059.818
216.4505914 165.8559498 93.94021117 108.5538548 2017009.733
292.7534156 290.9578371 78.2745284 104.8004268 -1278703.71
96.42977981 619.034906 334.0249062 93.4775132 318880.2165
353.0211503 807.515641 81.49436723 100.9791749 -2189807.702
171.5800191 958.1549064 735.8792401 104.1635518 -2355673.691
501.4778711 47.1545445 606.4041778 101.1869309 2396892.572
217.0148507 18.94959424 41.86682102 117.3417051 -2468542.826
254.0468044 160.3276228 951.0254062 130.4394757 2276600.045
966.943969 280.7012935 165.4080481 77.08375282 -38276.66034
94.69840087 773.2606544 594.3880172 113.0456054 -3192394.288
996.5956321 35.36114768 74.62482714 84.00290391 -279932.896
147.9652711 992.0912694 448.1006881 56.88543227 -243003.8733
519.2286426 288.7920321 758.8843318 138.9617599 -1495085.69
960.744651 264.1540729 190.2523512 86.21801248 160214.2158
626.622259 156.6392088 26.64203399 106.5747864 -2908101.983
299.9303268 48.53461307 117.2911731 73.21157758 -274026.0364
167.6306723 849.2236977 919.7725332 99.52949343 1197068.912
235.8823657 807.5686965 404.6420575 123.2494788 184439.3387
312.7103102 130.7228722 240.1881903 138.5453962 788242.8703
352.8507813 987.5525245 477.6986649 84.56732421 -391142.3945
386.5081867 138.1106837 107.4909517 57.15526581 -197975.2319
0.5031120085 849.4997911 929.0409568 133.5473986 -1539256.072
553.3303447 323.7487838 159.7337986 115.5145341 -1501992.614
538.2813331 242.2627225 70.48895135 76.26939122 364695.3523
568.2275649 446.2813999 315.6454308 76.02438923 1244298.243
460.4067778 509.2212756 75.02455306 89.5727592 401585.8012
440.1012652 132.5584224 813.180166 91.44831489 -2156037.805
500.1189126 503.064373 614.6194873 87.55839182 151671.4032
306.2164931 428.6608217 287.4373447 124.084346 -2192058.426
374.9702476 125.0067134 438.6974855 108.0710023 128683.5806
273.9811319 316.9042571 320.8163595 79.70690791 -1055786.009
741.4407233 649.8389221 80.24020778 145.7301257 -2456114.03
724.2040389 659.7737094 78.63140924 140.5775523 4349650.782
889.7926466 713.4879722 507.5668947 86.06516204 -608727.285
644.2012777 704.0196147 236.7559144 137.7635953 3867732.427
822.8955174 557.5818561 234.4724666 135.293101 -5396639.228
641.6825574 588.37919 306.4154604 119.1194252 3394149.232
424.6918718 10.62095831 42.95514529 92.4775574 -981950.303
199.0058576 798.1792859 961.9043017 115.2206077 -1919736.148
682.9165831 562.5620845 329.1253499 131.1653274 -3387949.956
807.1030064 586.1913825 250.0765013 123.6483849 -3031127.125
752.8983955 663.8661461 456.1870449 102.3781616 1005280.723
787.2548992 37.14394264 606.238422 120.3347696 3010249.534
585.2279298 289.7129897 328.0424139 114.0829594 -1463495.682
574.971963 956.2958045 56.5969539 101.0760528 -236940.8791
703.3946437 935.2396262 901.5592022 123.9956118 2965032.341
960.5457871 632.4555676 318.9258362 111.1355816 -2204961.806
635.3983871 572.4809796 7.589943023 120.514596 -2135293.052
592.974274 320.9628644 153.8911491 128.750506 -875685.2116
8.832082831 148.4796197 116.5889637 82.75091867 530537.6198
471.8514966 31.37713741 86.86502441 99.7593965 -407010.9135
519.7132332 362.4558466 979.3047433 87.38587738 -797009.057
809.4994001 706.9110019 253.5851377 94.44016966 1397300.875
893.315957 747.8534098 169.2789311 102.4390225 -733389.6348
813.9953314 389.6431329 613.6760499 104.518982 469181.1205
976.8592135 396.1662645 131.2212969 105.4605583 -1602750.917
946.2505059 339.5443704 882.1288776 98.16865509 789465.9024
423.7580012 203.5097601 152.3615858 99.90047351 685535.2603
739.8136168 137.3578931 478.1378032 69.99336196 -674455.3753
681.1037669 916.7567014 399.8998545 110.0694855 -3012526.568
868.0499442 126.9084306 498.801222 96.83896172 -903857.922
777.8333977 34.22258803 589.1858316 113.5292267 1375462.462
846.4874095 168.1243379 503.8529931 81.97523608 -784113.3392
818.5924196 140.8338552 480.4533771 68.55871723 341703.7662
739.3508673 72.72679833 327.9176614 105.3768989 1070508.12
764.0942331 102.7167234 349.772339 124.6645272 5067338.825
933.8664494 271.0727838 958.2137844 133.6825949 -3210037.923
726.8829465 943.1257779 263.7232025 69.07185441 -572131.2354
812.1029661 895.7187788 282.5262626 60.57085968 150729.7577
606.1089602 926.2416266 479.5422164 115.9261595 1299833.119
457.9495016 336.7994013 712.0337955 117.6707827 -857129.5952
504.4444512 76.6769876 489.1763546 95.441639 521568.4203
490.2887678 85.22604984 436.6086306 103.6445132 1388111.178
884.9277767 271.7547579 723.2394327 114.4485309 2039810.484
109.9936951 441.6237198 808.8972682 116.7886585 1699828.678
162.6769808 38.78150683 313.5112417 121.7555147 -2321477.141
687.640041 372.6101486 727.3728725 89.59445079 448756.552
421.6868776 550.3852413 407.8942822 129.5403392 4838023.268
389.7642535 329.5177217 292.4442854 111.5892131 -2308705.601
408.9476783 307.1664202 392.2024201 97.24887111 -2276919.351
381.7813966 274.7897015 358.1672136 95.80648406 -1839878.104
344.4781946 298.5784633 29.12023797 130.9590213 3095358.004
360.1446123 132.8939565 477.9884344 108.1037518 1482739.905
431.6000069 102.8910131 520.2544495 68.5130328 375475.1735
500.9977228 99.07299247 569.6892767 100.5543118 -1803901.424
505.5409305 133.4025872 584.3778418 98.12038836 1512480.261
439.4578563 181.7991102 552.1283286 59.44349491 336314.028
379.903146 311.5517749 290.4961505 111.5006528 -1498947.572
384.8576192 323.1724903 287.1302554 113.9670036 -2000402.441
640.8430635 140.4136802 50.70894016 96.29224644 1411420.876
846.0677063 860.8042188 59.54773632 90.29881363 -1168253.846
744.7526435 62.69186008 685.9876746 140.3370273 5739493.632
688.579781 319.4719008 204.4356902 149.2327845 -6479506.695
590.7538208 100.3034519 986.7916437 93.56100001 212461.741
842.3384782 428.1829968 701.2377352 127.5963304 2154749.763
669.4132729 805.7979054 698.4023909 119.4619722 258967.1254
785.6768786 999.0076675 787.1122081 74.36389359 -515438.3652
936.5518021 945.9362049 878.2560461 116.4052909 -1761271.948
472.7357497 616.9150173 999.1628565 144.0797049 -1491467.258
455.2118679 543.196832 859.7369668 98.58613845 886866.505
485.2139432 541.6369008 842.2675802 82.8779421 -557594.314
459.0509688 585.3469313 942.4114673 105.5781607 -108620.3172
641.0309481 49.12917841 83.52919178 80.62157529 -743425.9044
599.8659463 619.9433483 944.4630347 104.1866924 498296.169
586.8177099 927.6481498 744.6419167 143.4716954 -4201930.057
618.6122935 110.3626996 967.9853003 80.15053947 -326805.4295
602.0367336 899.1792365 41.74308157 113.9297953 -2064812.783
490.1888464 927.2451886 802.9998442 154.1092352 -1667994.57
458.9820657 814.9940841 733.3167265 116.5703768 310342.8019
312.6590504 588.0975215 973.1374067 129.0060888 -3128768.85
457.5939308 360.3314275 11.17106093 85.3574237 921189.5468
466.7752347 11.64739371 754.9645823 100.9205927 693896.2084
778.2040492 894.7623872 53.62024156 99.09064733 968139.6565
157.6752388 816.1434428 687.4705129 83.96766051 -274061.3448
265.0797303 137.7896272 920.838753 134.9225869 -2025027.499
324.00102 803.9277787 100.8002054 106.1513809 1753453.593
37.94678672 987.9282723 745.6066626 105.8345142 -2005001.804
301.416015 351.7427645 881.9471361 153.8366565 9484502.162
987.3362423 640.1054183 923.8939053 119.4873791 1782355.654
533.2129297 78.36900825 521.904586 111.3408423 -3578211.876
339.5698746 4.33773507 540.9869066 97.00683344 1031829.375
333.2534157 998.3294607 502.5125957 93.60207125 -1140231.436
360.3992753 987.3811087 530.7688347 85.81321757 -403784.8113
362.7704323 985.2265526 535.2285005 85.05162503 -695901.1365
351.614112 875.9389857 890.2174939 94.84822243 1328189.376
376.3475342 619.2248701 994.1514693 139.879706 2614630.037
432.5600739 834.7405429 636.3194521 134.8325575 -1908359.957
541.6106308 36.11948404 60.45233023 120.0395636 -2612054.451
686.708522 34.12869254 553.5493754 100.01767 -378953.1474
562.9847256 100.1165096 194.5684974 89.5199829 779967.5852
418.7540362 860.7176696 584.099007 106.1886691 741494.3613
341.4721536 990.0040623 492.3857805 90.50916489 -1031008.582
67.98301668 785.4300085 403.1521499 130.0049093 2904451.195
265.8030904 823.4017156 352.6762609 139.9721257 381966.2926
369.4600847 870.6711852 697.6902678 117.8864294 -83015.29071
529.8819666 412.0537497 340.1618154 80.7447126 1471444.584
800.8406965 918.1533119 322.535026 74.77757145 750442.8641
930.2937315 72.50879509 365.3704553 123.4693119 -5058798.125
675.7055261 850.6740611 529.8514226 96.25128491 -508015.6332
664.4299601 869.8122106 543.6497177 112.6225136 -2256901.704
734.61889 69.79872981 15.69804076 59.89995407 -142469.6961
713.8669535 41.05357859 182.9531052 104.9433994 -1013726.195
416.5353786 215.1441023 143.2559535 105.781059 -1487440.79
840.7609248 551.5462813 234.722344 132.0444711 3404478.302
746.5261339 646.2979584 777.0553358 75.85675044 614508.8465
32.17039233 395.3322843 739.7753255 78.18719244 331966.8562
350.0904811 173.6057236 226.431964 128.0277034 1607908.367
396.7811939 432.8886945 161.5758491 53.06088608 -162477.335
582.0824486 571.6924511 2.44071069 113.299275 -1215031.77
62.15603375 497.0479303 886.4702071 105.1233135 -2007779.761
320.269136 949.8858011 190.274549 77.99242127 291293.894
787.8666724 656.5560336 184.2399797 121.2197053 -4033903.422
555.8944957 551.9935826 2.865537698 104.7902041 -1152402.887
567.1514157 378.1031395 74.15953776 86.25710371 -557228.6105
612.0609662 584.7081164 988.7708399 119.0729462 3358984.885
116.2788662 704.9041854 266.8937362 88.61780185 -875142.0388
502.5359657 722.4071161 374.7174713 99.73627302 839593.5435
157.4576866 56.74337743 306.7753322 129.064342 -3756732.613
306.2441415 135.8684263 534.805656 109.3099204 2098921.272
537.9681125 378.2002056 81.41052583 75.58626673 491193.7001
412.1181762 469.9674835 71.85396637 81.74373813 -863490.6986
433.6682157 417.8387791 112.7748121 63.93209717 -247096.7189
383.3228367 107.1591639 228.9402593 114.6722812 -382409.2282
226.8055129 805.2896693 390.8959245 128.3709786 758185.7239
527.0544148 977.4264795 248.0015122 137.0206308 -2407511.322
460.9856608 7.136419667 279.4324514 112.4466918 2726121.876
415.6438804 53.16433807 273.1176928 100.5743899 1102373.072
372.5873629 107.7880401 246.6776906 123.0882738 -1298798.42
335.065281 46.72711743 261.0012751 100.0999382 -905964.9545
325.6708828 970.2695853 218.4905041 74.9682403 -316700.7435
457.5487883 3.86982488 280.8437663 111.223378 1775661.873
345.2990097 972.0657495 369.3018539 85.46575493 845820.8453
326.1607442 751.5723295 181.9373781 102.7614931 2236740.417
321.2291091 759.8749952 123.1166473 110.0315346 3346564.582
618.7649259 735.3482038 538.6086631 125.9976747 -1764692.18
810.0791348 904.3742637 649.3116808 125.342225 -2215110.648
505.8648255 494.5730938 87.4588833 80.65989154 -173146.7304
374.5775429 616.3196177 993.2098057 140.3767758 3670982.311
607.8309881 215.9235776 235.6572865 112.4936553 -303170.5624
198.1657534 740.9398209 747.4024658 118.1601867 1140368.142
294.4573219 140.7882783 233.1995983 134.5903329 -3307206.83
126.0338477 208.3131158 986.8028837 102.7440436 -1256333.925
405.4829945 569.0501832 807.0691892 87.61700576 -670821.5541
710.9271712 37.95823874 231.1516864 110.2115393 1517244.584
349.1573778 14.24951071 633.4990537 92.75048709 -1624504.909
242.4051974 797.5236213 384.8401181 140.3339462 815150.9882
378.1688196 980.885606 533.3043299 76.33707686 -232929.0583
167.2834508 55.38044646 512.3698939 78.02478556 -300203.9665
398.2688123 885.5634384 672.317575 112.9593589 963595.2566
116.0681075 977.4029322 829.5298254 82.59637319 -618649.6309
144.9939004 120.4240542 770.0002277 82.56364426 -713474.8337
240.0362624 100.4434717 748.059294 133.7610953 4073631.991
38.10040473 125.0999868 995.3763007 78.21847102 608003.5762
0.6955889153 151.9605477 136.3092726 78.94325646 404714.8681
521.4900958 921.6851692 204.6896781 152.7642843 -4104970.734
819.6783624 150.8208052 948.0810497 74.08412717 529077.0398
306.4465333 207.5070053 487.2164965 112.134275 -1276438.476
388.0221885 513.2445545 673.9122223 68.49897761 63686.66576
618.6312109 886.1162314 972.3507928 114.5115443 -718985.3264
121.871917 944.897893 780.3332599 96.11636484 1292156.096
247.5864158 674.6034389 596.3946054 135.7164855 -2648125.158
43.73631678 980.6015884 744.9759839 102.7553099 793930.9085
94.98826769 953.7632468 749.4948894 95.9722132 894256.4786
32.48554923 487.1204067 1.816317733 142.2544147 4821988.42
629.0079209 450.4073232 670.2107211 93.23226878 189087.2431
146.4677302 216.8885475 914.8821881 95.24882926 1651182.329
134.5813048 234.624261 601.7327967 87.96025664 -542045.9229
247.3752881 793.615787 382.544825 144.528112 3557538.131
342.6131272 1.453133319 549.7029182 96.12662761 1732671.952
741.5205352 442.4792707 446.0200362 142.7500606 -2957915.019
979.06209 878.677557 496.68574 92.20234814 1335603.007
134.7827618 61.21726659 540.8834115 99.34242963 1524851.566
133.1254259 30.1946797 575.0870725 99.43704734 1801259.668
229.2797707 885.6029666 549.7903712 98.39093983 1026117.786
164.9114488 837.60087 680.2177557 81.4454972 1130931.404
525.7971595 259.9461028 617.9545425 76.9370208 -921530.4157
399.8929784 544.7907711 835.0831154 99.61376976 1599799.751
742.9678958 649.3026644 80.13175877 146.0692341 8099938.36
487.3692979 995.5172106 533.4994749 69.28771609 344072.3004
158.515171 935.7046864 711.3217738 93.89494313 -1300740.89
130.3765595 553.892813 189.0017385 86.89384149 -1365257.705
569.1781229 997.5242738 541.5247039 103.120269 1778133.157
717.1960021 16.46014822 203.6910538 116.1959093 -2400462.38
519.0387641 93.35750077 419.1694056 120.7616093 2687132.549
947.1274452 679.2442584 821.5793686 103.5444236 439181.6393
315.4480964 186.0441607 461.0035115 128.7347584 -4432376.703
234.8294623 71.90939263 828.1175664 118.1298117 -2376669.141
175.1988241 446.1766138 320.1578316 107.7832842 749858.0027
726.3892802 18.85011628 873.4820491 107.219959 -2307739.909
129.687786 206.9863686 985.1180227 101.2036014 164295.5007
321.2411178 855.7648525 914.3324356 96.24977359 -1212156.423
42.77033644 157.7243297 814.9448177 105.7965059 135867.0632
936.4670704 181.2780211 678.5209241 110.7702576 -1398970.145
657.8448035 383.3030954 566.4713666 88.43433071 600032.0312
131.6105358 244.3472003 760.0192322 94.11334703 1335112.899
142.8780882 486.7740969 104.3789199 115.5865684 2701542.524
196.9808514 666.0411514 249.3878112 98.09520948 2388749.161
441.2091825 680.9139888 681.5845409 130.7362494 1292168.412
117.2652096 302.7642704 778.7940776 79.54167073 -651350.1489
522.5582529 945.6699529 236.4666643 149.274202 2630779.894
118.5309502 271.9984006 760.1615172 88.51636885 1164831.239
338.489698 84.95103374 532.3173266 96.56620505 1897028.852
347.0174082 234.0872977 628.5489456 75.53388406 1129220.147
436.9063936 235.2704736 504.4050923 78.17059038 908216.9023
530.2278333 85.81653463 392.6770566 121.1953757 2369636.513
366.4986164 56.47538685 599.1767467 93.61482962 2035477.576
300.7957509 151.6670185 566.7541326 108.4739731 321290.9696
619.4580521 23.67835687 738.1361241 125.8168463 -1569298.067
46.87753122 231.598033 301.482598 143.1723675 -1450257.242
357.7238609 376.6526212 250.1422426 111.6877815 2086793.865
316.7540281 264.9133713 210.6129657 86.67402968 556929.293
920.1444344 468.4274978 928.0316544 134.5399811 -2658658.747
870.1106147 361.8510924 652.3144264 115.9505842 -2345145.435
455.0906918 40.38484576 433.6296454 72.02887882 274776.9493
329.9246396 130.5846038 245.5476349 138.3008442 -1572634.918
315.7688923 182.7808309 434.8916949 127.8085822 -4180809.844
288.6105789 359.4373128 584.8281051 101.637698 1491558.395
302.782679 152.1679099 582.5431664 106.5497042 -2555770.365
253.9082462 473.8284276 392.614016 111.5621664 -793309.5988
343.6303577 333.9196441 448.7389872 74.73340186 -406267.9651
619.7774801 23.93737204 737.9941463 125.7345311 -826497.1127
408.3662126 306.0638721 392.1598582 97.16053837 1405035.972
64.13049661 140.2492589 318.5256926 149.2541957 -2952508.422
281.9105567 118.1439394 263.6584267 137.6658885 -2767711.938
306.1853732 123.3429054 248.6819049 139.3740704 -3674113.174
418.5369287 221.1785747 128.6693743 104.515717 -1699148.197
278.4748191 789.6459267 348.8205753 156.5056925 -10467725.55
284.562856 141.2746441 236.3381495 132.8972691 -2362635.163
199.3941514 187.2194529 264.2407707 127.7637642 2149268.811
203.4201342 226.7195947 263.8068402 113.4354934 -1041557.407
199.7191834 172.0688341 99.52636961 107.0983999 -1558632.395
105.199533 389.7634511 167.5452063 107.3369202 -220886.5165
133.2697431 248.3418812 591.2418059 90.76299553 495427.5264
616.4486014 80.34366289 343.1296995 98.31474725 -1284165.559
475.6825832 0.7180706241 748.8802058 105.0331516 -1024526.694
938.1372402 679.4897137 345.4450922 116.1312841 1312427.09
103.1349479 225.391158 946.031644 107.0090749 1471696.253
464.3876272 786.5144176 112.9815931 83.87926146 1674439.616
702.4923981 481.4923403 28.13999277 129.3807621 1818095.061
35.6469558 502.6983046 976.1730054 138.2569172 -2897524.365
338.9524003 594.0376266 785.0424059 97.04107016 -171837.5566
271.0044794 880.8062418 728.370543 101.8519752 960989.3891
237.0507576 115.1567756 77.55919717 100.7180516 -2021993.497
99.86104603 270.4814259 25.22149588 109.3412093 -1731944.739
175.5716469 767.574321 7.534949179 114.6006465 2759440.571
417.827881 741.6243752 407.4064309 150.0959887 -3723752.679
335.5944654 858.7350765 115.5990023 98.23566729 -1498168.552
303.7631267 356.8287098 897.7589622 150.1157557 -4265576.539
722.720682 910.7312362 950.8151639 117.8083643 -2272896.388
241.7066978 627.7670636 117.8891952 92.13437218 421529.5011
301.9431196 492.8172478 993.2478333 119.900039 -1866166.819
884.9719319 475.0481879 882.5254918 119.1860127 2191005.792
401.5340781 801.1659855 373.9867551 132.8369496 -4769569.53
61.02909858 171.6574479 821.3377278 103.9659496 2079279.859
63.65945732 121.2814965 315.9490791 152.6220146 6558623.55
522.4485159 546.8761616 169.2973594 119.2603399 -925157.5052
132.4196375 351.4995568 248.7834977 126.1415585 1747526.22
64.79525486 323.4410737 115.0295556 94.28582161 -467994.8269
15.49200566 335.8596815 87.29120943 110.9926531 -1488439.034
55.88700812 288.8019315 45.77975261 111.7159829 681743.0229
46.78253708 293.6512995 45.10942239 112.6648992 -202575.0798
292.0203012 702.9976654 254.5686647 108.2480796 -2337080.477
502.4848663 465.6621418 230.5545841 105.4276752 2450726.78
532.4914448 415.9571734 823.7836831 139.2329429 3404591.395
427.804652 195.4282723 919.4342148 107.4875427 -1424956.568
487.7661663 306.5644132 430.4386187 107.4536982 1150112.292
